2026-05-19 07:35:42.558 +07:00 [INF] User profile is available. Using 'C:\Users\Tanarat\AppData\Local\ASP.NET\DataProtection-Keys' as key repository and Windows DPAPI to encrypt keys at rest.
2026-05-19 07:35:42.641 +07:00 [INF] Now listening on: http://localhost:5215
2026-05-19 07:35:42.642 +07:00 [INF] Application started. Press Ctrl+C to shut down.
2026-05-19 07:35:42.642 +07:00 [INF] Hosting environment: Development
2026-05-19 07:35:42.642 +07:00 [INF] Content root path: D:\MAKIYA_PROJECT\Project_SmartLoadBulk\src\SmartLoadBulk.API
2026-05-19 07:35:53.928 +07:00 [INF] Request starting HTTP/1.1 GET http://localhost:5215/health - null null
2026-05-19 07:35:53.958 +07:00 [WRN] Failed to determine the https port for redirect.
2026-05-19 07:35:53.985 +07:00 [INF] Executing endpoint 'HTTP: GET /health'
2026-05-19 07:35:53.990 +07:00 [INF] Executed endpoint 'HTTP: GET /health'
2026-05-19 07:35:53.991 +07:00 [INF] HTTP GET /health responded 200 in 41.6341 ms
2026-05-19 07:35:53.996 +07:00 [INF] Request finished HTTP/1.1 GET http://localhost:5215/health - 200 null application/json; charset=utf-8 68.6291ms
2026-05-19 07:36:06.240 +07:00 [INF] Request starting HTTP/1.1 POST http://localhost:5215/api/auth/login - application/json 44
2026-05-19 07:36:06.243 +07:00 [INF] Executing endpoint 'SmartLoadBulk.API.Controllers.AuthController.Login (SmartLoadBulk.API)'
2026-05-19 07:36:06.255 +07:00 [INF] Route matched with {action = "Login", controller = "Auth"}. Executing controller action with signature System.Threading.Tasks.Task`1[Microsoft.AspNetCore.Mvc.ActionResult`1[SmartLoadBulk.Core.DTOs.Common.ApiResponse`1[SmartLoadBulk.Core.DTOs.Auth.LoginResponse]]] Login(SmartLoadBulk.Core.DTOs.Auth.LoginRequest) on controller SmartLoadBulk.API.Controllers.AuthController (SmartLoadBulk.API).
2026-05-19 07:36:07.112 +07:00 [INF] Executed DbCommand (28ms) [Parameters=[@__request_Username_0='?' (Size = 50)], CommandType='"Text"', CommandTimeout='30']
SELECT TOP(1) [u].[UserId], [u].[CreatedAt], [u].[Email], [u].[FullName], [u].[IsActive], [u].[LastLoginAt], [u].[PasswordHash], [u].[Role], [u].[UpdatedAt], [u].[Username]
FROM [slb].[Users] AS [u]
WHERE [u].[Username] = @__request_Username_0 AND [u].[IsActive] = CAST(1 AS bit)
2026-05-19 07:36:07.382 +07:00 [INF] Executed DbCommand (7ms) [Parameters=[@p1='?' (DbType = Guid), @p0='?' (DbType = DateTime2)], CommandType='"Text"', CommandTimeout='30']
SET IMPLICIT_TRANSACTIONS OFF;
SET NOCOUNT ON;
UPDATE [slb].[Users] SET [LastLoginAt] = @p0
OUTPUT 1
WHERE [UserId] = @p1;
2026-05-19 07:36:07.403 +07:00 [INF] Executing OkObjectResult, writing value of type 'SmartLoadBulk.Core.DTOs.Common.ApiResponse`1[[SmartLoadBulk.Core.DTOs.Auth.LoginResponse, SmartLoadBulk.Core, Version=1.0.0.0, Culture=neutral, PublicKeyToken=null]]'.
2026-05-19 07:36:07.418 +07:00 [INF] Executed action SmartLoadBulk.API.Controllers.AuthController.Login (SmartLoadBulk.API) in 1160.8911ms
2026-05-19 07:36:07.419 +07:00 [INF] Executed endpoint 'SmartLoadBulk.API.Controllers.AuthController.Login (SmartLoadBulk.API)'
2026-05-19 07:36:07.419 +07:00 [INF] HTTP POST /api/auth/login responded 200 in 1177.3216 ms
2026-05-19 07:36:07.422 +07:00 [INF] Request finished HTTP/1.1 POST http://localhost:5215/api/auth/login - 200 null application/json; charset=utf-8 1182.343ms
2026-05-19 07:36:07.475 +07:00 [INF] Request starting HTTP/1.1 GET http://localhost:5215/api/inventory - null null
2026-05-19 07:36:07.500 +07:00 [INF] Executing endpoint 'SmartLoadBulk.API.Controllers.InventoryController.GetAll (SmartLoadBulk.API)'
2026-05-19 07:36:07.503 +07:00 [INF] Route matched with {action = "GetAll", controller = "Inventory"}. Executing controller action with signature System.Threading.Tasks.Task`1[Microsoft.AspNetCore.Mvc.ActionResult`1[SmartLoadBulk.Core.DTOs.Common.ApiResponse`1[System.Collections.Generic.List`1[SmartLoadBulk.Core.DTOs.Inventory.ProductStockDto]]]] GetAll() on controller SmartLoadBulk.API.Controllers.InventoryController (SmartLoadBulk.API).
2026-05-19 07:36:07.586 +07:00 [WRN] Compiling a query which loads related collections for more than one collection navigation, either via 'Include' or through projection, but no 'QuerySplittingBehavior' has been configured. By default, Entity Framework will use 'QuerySplittingBehavior.SingleQuery', which can potentially result in slow query performance. See https://go.microsoft.com/fwlink/?linkid=2134277 for more information. To identify the query that's triggering this warning call 'ConfigureWarnings(w => w.Throw(RelationalEventId.MultipleCollectionIncludeWarning))'.
2026-05-19 07:36:07.616 +07:00 [INF] Executed DbCommand (12ms) [Parameters=[], CommandType='"Text"', CommandTimeout='30']
SELECT [p].[ProductId], [p].[CreatedAt], [p].[CriticalStock], [p].[IsActive], [p].[MaxStock], [p].[MinStock], [p].[ProductCode], [p].[ProductName], [p].[Unit], [s0].[SiloId], [s0].[Capacity], [s0].[IsActive], [s0].[ProductId], [s0].[SiloCode], [s0].[SiloName], [i].[InventoryId], [i].[CurrentStock], [i].[ProductId], [i].[ReservedStock], [i].[SiloId], [i].[UpdatedAt]
FROM [slb].[Products] AS [p]
LEFT JOIN (
    SELECT [s].[SiloId], [s].[Capacity], [s].[IsActive], [s].[ProductId], [s].[SiloCode], [s].[SiloName]
    FROM [slb].[Silos] AS [s]
    WHERE [s].[IsActive] = CAST(1 AS bit)
) AS [s0] ON [p].[ProductId] = [s0].[ProductId]
LEFT JOIN [slb].[Inventory] AS [i] ON [p].[ProductId] = [i].[ProductId]
WHERE [p].[IsActive] = CAST(1 AS bit)
ORDER BY [p].[ProductId], [s0].[SiloId]
2026-05-19 07:36:07.658 +07:00 [INF] Executing OkObjectResult, writing value of type 'SmartLoadBulk.Core.DTOs.Common.ApiResponse`1[[System.Collections.Generic.List`1[[SmartLoadBulk.Core.DTOs.Inventory.ProductStockDto, SmartLoadBulk.Core, Version=1.0.0.0, Culture=neutral, PublicKeyToken=null]], System.Private.CoreLib, Version=9.0.0.0, Culture=neutral, PublicKeyToken=7cec85d7bea7798e]]'.
2026-05-19 07:36:07.665 +07:00 [INF] Executed action SmartLoadBulk.API.Controllers.InventoryController.GetAll (SmartLoadBulk.API) in 161.9299ms
2026-05-19 07:36:07.665 +07:00 [INF] Executed endpoint 'SmartLoadBulk.API.Controllers.InventoryController.GetAll (SmartLoadBulk.API)'
2026-05-19 07:36:07.665 +07:00 [INF] HTTP GET /api/inventory responded 200 in 189.0538 ms
2026-05-19 07:36:07.665 +07:00 [INF] Request finished HTTP/1.1 GET http://localhost:5215/api/inventory - 200 null application/json; charset=utf-8 190.3244ms
2026-05-19 10:32:09.426 +07:00 [INF] User profile is available. Using 'C:\Users\Tanarat\AppData\Local\ASP.NET\DataProtection-Keys' as key repository and Windows DPAPI to encrypt keys at rest.
2026-05-19 10:32:09.565 +07:00 [INF] Now listening on: http://localhost:5215
2026-05-19 10:32:09.566 +07:00 [INF] Application started. Press Ctrl+C to shut down.
2026-05-19 10:32:09.566 +07:00 [INF] Hosting environment: Development
2026-05-19 10:32:09.566 +07:00 [INF] Content root path: D:\MAKIYA_PROJECT\Project_SmartLoadBulk\src\SmartLoadBulk.API
2026-05-19 10:33:20.716 +07:00 [INF] Request starting HTTP/1.1 GET http://localhost:5215/api/analytics/performance?from=2026-05-12&to=2026-05-19 - null null
2026-05-19 10:33:20.754 +07:00 [WRN] Failed to determine the https port for redirect.
2026-05-19 10:33:20.841 +07:00 [INF] Failed to validate the token.
Microsoft.IdentityModel.Tokens.SecurityTokenExpiredException: IDX10223: Lifetime validation failed. The token is expired. ValidTo (UTC): '18/05/2026 23:37:14', Current time (UTC): '19/05/2026 03:33:20'.
   at Microsoft.IdentityModel.Tokens.ValidatorUtilities.ValidateLifetime(Nullable`1 notBefore, Nullable`1 expires, SecurityToken securityToken, TokenValidationParameters validationParameters)
   at Microsoft.IdentityModel.Tokens.Validators.ValidateLifetime(Nullable`1 notBefore, Nullable`1 expires, SecurityToken securityToken, TokenValidationParameters validationParameters)
   at Microsoft.IdentityModel.JsonWebTokens.JsonWebTokenHandler.ValidateTokenPayloadAsync(JsonWebToken jsonWebToken, TokenValidationParameters validationParameters, BaseConfiguration configuration)
   at Microsoft.IdentityModel.JsonWebTokens.JsonWebTokenHandler.ValidateJWSAsync(JsonWebToken jsonWebToken, TokenValidationParameters validationParameters, BaseConfiguration configuration)
2026-05-19 10:33:20.852 +07:00 [INF] Bearer was not authenticated. Failure message: IDX10223: Lifetime validation failed. The token is expired. ValidTo (UTC): '18/05/2026 23:37:14', Current time (UTC): '19/05/2026 03:33:20'.
2026-05-19 10:33:20.855 +07:00 [INF] Authorization failed. These requirements were not met:
DenyAnonymousAuthorizationRequirement: Requires an authenticated user.
2026-05-19 10:33:20.858 +07:00 [INF] AuthenticationScheme: Bearer was challenged.
2026-05-19 10:33:20.859 +07:00 [INF] HTTP GET /api/analytics/performance responded 401 in 117.2951 ms
2026-05-19 10:33:20.866 +07:00 [INF] Request finished HTTP/1.1 GET http://localhost:5215/api/analytics/performance?from=2026-05-12&to=2026-05-19 - 401 0 null 150.8424ms
2026-05-19 10:33:20.874 +07:00 [INF] Request starting HTTP/1.1 GET http://localhost:5215/api/analytics/performance?from=2026-05-12&to=2026-05-19 - null null
2026-05-19 10:33:20.880 +07:00 [INF] Failed to validate the token.
Microsoft.IdentityModel.Tokens.SecurityTokenExpiredException: IDX10223: Lifetime validation failed. The token is expired. ValidTo (UTC): '18/05/2026 23:37:14', Current time (UTC): '19/05/2026 03:33:20'.
   at Microsoft.IdentityModel.Tokens.ValidatorUtilities.ValidateLifetime(Nullable`1 notBefore, Nullable`1 expires, SecurityToken securityToken, TokenValidationParameters validationParameters)
   at Microsoft.IdentityModel.Tokens.Validators.ValidateLifetime(Nullable`1 notBefore, Nullable`1 expires, SecurityToken securityToken, TokenValidationParameters validationParameters)
   at Microsoft.IdentityModel.JsonWebTokens.JsonWebTokenHandler.ValidateTokenPayloadAsync(JsonWebToken jsonWebToken, TokenValidationParameters validationParameters, BaseConfiguration configuration)
   at Microsoft.IdentityModel.JsonWebTokens.JsonWebTokenHandler.ValidateJWSAsync(JsonWebToken jsonWebToken, TokenValidationParameters validationParameters, BaseConfiguration configuration)
2026-05-19 10:33:20.880 +07:00 [INF] Bearer was not authenticated. Failure message: IDX10223: Lifetime validation failed. The token is expired. ValidTo (UTC): '18/05/2026 23:37:14', Current time (UTC): '19/05/2026 03:33:20'.
2026-05-19 10:33:20.881 +07:00 [INF] Authorization failed. These requirements were not met:
DenyAnonymousAuthorizationRequirement: Requires an authenticated user.
2026-05-19 10:33:20.882 +07:00 [INF] AuthenticationScheme: Bearer was challenged.
2026-05-19 10:33:20.882 +07:00 [INF] HTTP GET /api/analytics/performance responded 401 in 5.2688 ms
2026-05-19 10:33:20.882 +07:00 [INF] Request finished HTTP/1.1 GET http://localhost:5215/api/analytics/performance?from=2026-05-12&to=2026-05-19 - 401 0 null 7.9947ms
2026-05-19 10:33:37.363 +07:00 [INF] Request starting HTTP/1.1 POST http://localhost:5215/api/auth/login - application/json 44
2026-05-19 10:33:37.365 +07:00 [INF] CORS policy execution successful.
2026-05-19 10:33:37.367 +07:00 [INF] Failed to validate the token.
Microsoft.IdentityModel.Tokens.SecurityTokenExpiredException: IDX10223: Lifetime validation failed. The token is expired. ValidTo (UTC): '18/05/2026 23:37:45', Current time (UTC): '19/05/2026 03:33:37'.
   at Microsoft.IdentityModel.Tokens.ValidatorUtilities.ValidateLifetime(Nullable`1 notBefore, Nullable`1 expires, SecurityToken securityToken, TokenValidationParameters validationParameters)
   at Microsoft.IdentityModel.Tokens.Validators.ValidateLifetime(Nullable`1 notBefore, Nullable`1 expires, SecurityToken securityToken, TokenValidationParameters validationParameters)
   at Microsoft.IdentityModel.JsonWebTokens.JsonWebTokenHandler.ValidateTokenPayloadAsync(JsonWebToken jsonWebToken, TokenValidationParameters validationParameters, BaseConfiguration configuration)
   at Microsoft.IdentityModel.JsonWebTokens.JsonWebTokenHandler.ValidateJWSAsync(JsonWebToken jsonWebToken, TokenValidationParameters validationParameters, BaseConfiguration configuration)
2026-05-19 10:33:37.367 +07:00 [INF] Bearer was not authenticated. Failure message: IDX10223: Lifetime validation failed. The token is expired. ValidTo (UTC): '18/05/2026 23:37:45', Current time (UTC): '19/05/2026 03:33:37'.
2026-05-19 10:33:37.369 +07:00 [INF] Executing endpoint 'SmartLoadBulk.API.Controllers.AuthController.Login (SmartLoadBulk.API)'
2026-05-19 10:33:37.382 +07:00 [INF] Route matched with {action = "Login", controller = "Auth"}. Executing controller action with signature System.Threading.Tasks.Task`1[Microsoft.AspNetCore.Mvc.ActionResult`1[SmartLoadBulk.Core.DTOs.Common.ApiResponse`1[SmartLoadBulk.Core.DTOs.Auth.LoginResponse]]] Login(SmartLoadBulk.Core.DTOs.Auth.LoginRequest) on controller SmartLoadBulk.API.Controllers.AuthController (SmartLoadBulk.API).
2026-05-19 10:33:38.381 +07:00 [INF] Executed DbCommand (58ms) [Parameters=[@__request_Username_0='?' (Size = 50)], CommandType='"Text"', CommandTimeout='30']
SELECT TOP(1) [u].[UserId], [u].[CreatedAt], [u].[Email], [u].[FullName], [u].[IsActive], [u].[LastLoginAt], [u].[PasswordHash], [u].[Role], [u].[UpdatedAt], [u].[Username]
FROM [slb].[Users] AS [u]
WHERE [u].[Username] = @__request_Username_0 AND [u].[IsActive] = CAST(1 AS bit)
2026-05-19 10:33:38.663 +07:00 [INF] Executed DbCommand (12ms) [Parameters=[@p1='?' (DbType = Guid), @p0='?' (DbType = DateTime2)], CommandType='"Text"', CommandTimeout='30']
SET IMPLICIT_TRANSACTIONS OFF;
SET NOCOUNT ON;
UPDATE [slb].[Users] SET [LastLoginAt] = @p0
OUTPUT 1
WHERE [UserId] = @p1;
2026-05-19 10:33:38.676 +07:00 [INF] Executing OkObjectResult, writing value of type 'SmartLoadBulk.Core.DTOs.Common.ApiResponse`1[[SmartLoadBulk.Core.DTOs.Auth.LoginResponse, SmartLoadBulk.Core, Version=1.0.0.0, Culture=neutral, PublicKeyToken=null]]'.
2026-05-19 10:33:38.686 +07:00 [INF] Executed action SmartLoadBulk.API.Controllers.AuthController.Login (SmartLoadBulk.API) in 1301.6648ms
2026-05-19 10:33:38.686 +07:00 [INF] Executed endpoint 'SmartLoadBulk.API.Controllers.AuthController.Login (SmartLoadBulk.API)'
2026-05-19 10:33:38.687 +07:00 [INF] HTTP POST /api/auth/login responded 200 in 1323.2042 ms
2026-05-19 10:33:38.691 +07:00 [INF] Request finished HTTP/1.1 POST http://localhost:5215/api/auth/login - 200 null application/json; charset=utf-8 1327.2297ms
2026-05-19 10:33:38.779 +07:00 [INF] Request starting HTTP/1.1 POST http://localhost:5215/hubs/loading/negotiate?negotiateVersion=1 - null 0
2026-05-19 10:33:38.779 +07:00 [INF] Request starting HTTP/1.1 POST http://localhost:5215/hubs/queue/negotiate?negotiateVersion=1 - null 0
2026-05-19 10:33:38.779 +07:00 [INF] Request starting HTTP/1.1 POST http://localhost:5215/hubs/queue/negotiate?negotiateVersion=1 - null 0
2026-05-19 10:33:38.779 +07:00 [INF] CORS policy execution successful.
2026-05-19 10:33:38.780 +07:00 [INF] CORS policy execution successful.
2026-05-19 10:33:38.780 +07:00 [INF] CORS policy execution successful.
2026-05-19 10:33:38.780 +07:00 [INF] Request starting HTTP/1.1 POST http://localhost:5215/hubs/loading/negotiate?negotiateVersion=1 - null 0
2026-05-19 10:33:38.780 +07:00 [INF] Request starting HTTP/1.1 GET http://localhost:5215/api/bays - null null
2026-05-19 10:33:38.780 +07:00 [INF] CORS policy execution successful.
2026-05-19 10:33:38.780 +07:00 [INF] Request starting HTTP/1.1 GET http://localhost:5215/api/queue - null null
2026-05-19 10:33:38.786 +07:00 [INF] Executing endpoint '/hubs/queue/negotiate'
2026-05-19 10:33:38.786 +07:00 [INF] Executing endpoint '/hubs/loading/negotiate'
2026-05-19 10:33:38.786 +07:00 [INF] Executing endpoint '/hubs/queue/negotiate'
2026-05-19 10:33:38.786 +07:00 [INF] Executing endpoint '/hubs/loading/negotiate'
2026-05-19 10:33:38.786 +07:00 [INF] Executing endpoint 'SmartLoadBulk.API.Controllers.QueueController.GetBoard (SmartLoadBulk.API)'
2026-05-19 10:33:38.786 +07:00 [INF] Executing endpoint 'SmartLoadBulk.API.Controllers.LoadingJobController.GetAllBays (SmartLoadBulk.API)'
2026-05-19 10:33:38.790 +07:00 [INF] Route matched with {action = "GetAllBays", controller = "LoadingJob"}. Executing controller action with signature System.Threading.Tasks.Task`1[Microsoft.AspNetCore.Mvc.ActionResult`1[SmartLoadBulk.Core.DTOs.Common.ApiResponse`1[System.Collections.Generic.List`1[SmartLoadBulk.Core.DTOs.Loading.BayStatusDto]]]] GetAllBays() on controller SmartLoadBulk.API.Controllers.LoadingJobController (SmartLoadBulk.API).
2026-05-19 10:33:38.790 +07:00 [INF] Route matched with {action = "GetBoard", controller = "Queue"}. Executing controller action with signature System.Threading.Tasks.Task`1[Microsoft.AspNetCore.Mvc.ActionResult`1[SmartLoadBulk.Core.DTOs.Common.ApiResponse`1[System.Collections.Generic.List`1[SmartLoadBulk.Core.DTOs.Queue.QueueItemDto]]]] GetBoard() on controller SmartLoadBulk.API.Controllers.QueueController (SmartLoadBulk.API).
2026-05-19 10:33:38.791 +07:00 [INF] Executed endpoint '/hubs/loading/negotiate'
2026-05-19 10:33:38.791 +07:00 [INF] Executed endpoint '/hubs/queue/negotiate'
2026-05-19 10:33:38.791 +07:00 [INF] Executed endpoint '/hubs/queue/negotiate'
2026-05-19 10:33:38.791 +07:00 [INF] HTTP POST /hubs/loading/negotiate responded 200 in 11.7145 ms
2026-05-19 10:33:38.791 +07:00 [INF] Executed endpoint '/hubs/loading/negotiate'
2026-05-19 10:33:38.791 +07:00 [INF] HTTP POST /hubs/queue/negotiate responded 200 in 11.1334 ms
2026-05-19 10:33:38.791 +07:00 [INF] Request finished HTTP/1.1 POST http://localhost:5215/hubs/loading/negotiate?negotiateVersion=1 - 200 316 application/json 12.4205ms
2026-05-19 10:33:38.791 +07:00 [INF] HTTP POST /hubs/queue/negotiate responded 200 in 11.2410 ms
2026-05-19 10:33:38.791 +07:00 [INF] HTTP POST /hubs/loading/negotiate responded 200 in 10.9929 ms
2026-05-19 10:33:38.791 +07:00 [INF] Request finished HTTP/1.1 POST http://localhost:5215/hubs/queue/negotiate?negotiateVersion=1 - 200 316 application/json 12.0695ms
2026-05-19 10:33:38.791 +07:00 [INF] Request finished HTTP/1.1 POST http://localhost:5215/hubs/queue/negotiate?negotiateVersion=1 - 200 316 application/json 12.2753ms
2026-05-19 10:33:38.791 +07:00 [INF] Request finished HTTP/1.1 POST http://localhost:5215/hubs/loading/negotiate?negotiateVersion=1 - 200 316 application/json 11.2891ms
2026-05-19 10:33:38.814 +07:00 [INF] Request starting HTTP/1.1 GET http://localhost:5215/hubs/loading?id=1OuMQk4CxM73xDLB7wVz7A&access_token=eyJhbGciOiJIUzI1NiIsInR5cCI6IkpXVCJ9.eyJzdWIiOiJhMDAwMDAwMS0wMDAwLTAwMDAtMDAwMC0wMDAwMDAwMDAwMDEiLCJ1bmlxdWVfbmFtZSI6ImFkbWluIiwiaHR0cDovL3NjaGVtYXMubWljcm9zb2Z0LmNvbS93cy8yMDA4LzA2L2lkZW50aXR5L2NsYWltcy9yb2xlIjoiQURNSU4iLCJqdGkiOiI0NGQ3MzNkMy1kM2VhLTQ3MjktOTg4OS1kZGE5ZTFhNGM0ZmMiLCJleHAiOjE3NzkxOTA0MTgsImlzcyI6IlNtYXJ0TG9hZEJ1bGsuQVBJIiwiYXVkIjoiU21hcnRMb2FkQnVsay5DbGllbnQifQ.JC3TinZzok8yKvX-EUy10PuPHK5yvsyu95N_LfGwIjk - null null
2026-05-19 10:33:38.815 +07:00 [INF] CORS policy execution successful.
2026-05-19 10:33:38.815 +07:00 [INF] Executing endpoint '/hubs/loading'
2026-05-19 10:33:38.854 +07:00 [INF] Executed DbCommand (8ms) [Parameters=[], CommandType='"Text"', CommandTimeout='30']
SELECT [b].[BayId], [b].[BayCode], [b].[BayName], [b].[BayType], [b].[CurrentQueueId], [b].[IsActive], [b].[LastUpdatedAt], [b].[MaxCapacity], [b].[Status]
FROM [slb].[Bays] AS [b]
WHERE [b].[IsActive] = CAST(1 AS bit)
2026-05-19 10:33:38.857 +07:00 [INF] Request starting HTTP/1.1 GET http://localhost:5215/hubs/queue?id=j39iA7RC1LiJQ6GXrpXlfA&access_token=eyJhbGciOiJIUzI1NiIsInR5cCI6IkpXVCJ9.eyJzdWIiOiJhMDAwMDAwMS0wMDAwLTAwMDAtMDAwMC0wMDAwMDAwMDAwMDEiLCJ1bmlxdWVfbmFtZSI6ImFkbWluIiwiaHR0cDovL3NjaGVtYXMubWljcm9zb2Z0LmNvbS93cy8yMDA4LzA2L2lkZW50aXR5L2NsYWltcy9yb2xlIjoiQURNSU4iLCJqdGkiOiI0NGQ3MzNkMy1kM2VhLTQ3MjktOTg4OS1kZGE5ZTFhNGM0ZmMiLCJleHAiOjE3NzkxOTA0MTgsImlzcyI6IlNtYXJ0TG9hZEJ1bGsuQVBJIiwiYXVkIjoiU21hcnRMb2FkQnVsay5DbGllbnQifQ.JC3TinZzok8yKvX-EUy10PuPHK5yvsyu95N_LfGwIjk - null null
2026-05-19 10:33:38.857 +07:00 [INF] CORS policy execution successful.
2026-05-19 10:33:38.857 +07:00 [INF] Executing endpoint '/hubs/queue'
2026-05-19 10:33:38.919 +07:00 [INF] Executed DbCommand (26ms) [Parameters=[], CommandType='"Text"', CommandTimeout='30']
SELECT [l].[QueueId], [l].[OrderId], [o].[OrderCode], [c].[CustomerName], [l].[TruckId], [t].[LicensePlate], [t].[TruckType], [l].[DriverId], [d].[FullName], CAST([l].[Priority] AS int), [l].[Status], [l].[EnqueuedAt], [l].[CalledAt], [l].[DockedAt], [l].[CompletedAt], [l].[Remark]
FROM [slb].[LoadQueues] AS [l]
INNER JOIN [slb].[Orders] AS [o] ON [l].[OrderId] = [o].[OrderId]
INNER JOIN [slb].[Customers] AS [c] ON [o].[CustomerId] = [c].[CustomerId]
INNER JOIN [slb].[Trucks] AS [t] ON [l].[TruckId] = [t].[TruckId]
INNER JOIN [slb].[Drivers] AS [d] ON [l].[DriverId] = [d].[DriverId]
WHERE [l].[Status] NOT IN (N'DONE', N'CANCELLED')
ORDER BY [l].[Priority], [l].[EnqueuedAt]
2026-05-19 10:33:38.922 +07:00 [INF] Executing OkObjectResult, writing value of type 'SmartLoadBulk.Core.DTOs.Common.ApiResponse`1[[System.Collections.Generic.List`1[[SmartLoadBulk.Core.DTOs.Queue.QueueItemDto, SmartLoadBulk.Core, Version=1.0.0.0, Culture=neutral, PublicKeyToken=null]], System.Private.CoreLib, Version=9.0.0.0, Culture=neutral, PublicKeyToken=7cec85d7bea7798e]]'.
2026-05-19 10:33:38.932 +07:00 [INF] Executed action SmartLoadBulk.API.Controllers.QueueController.GetBoard (SmartLoadBulk.API) in 142.0226ms
2026-05-19 10:33:38.932 +07:00 [INF] Executed endpoint 'SmartLoadBulk.API.Controllers.QueueController.GetBoard (SmartLoadBulk.API)'
2026-05-19 10:33:38.932 +07:00 [INF] HTTP GET /api/queue responded 200 in 152.2601 ms
2026-05-19 10:33:38.933 +07:00 [INF] Request finished HTTP/1.1 GET http://localhost:5215/api/queue - 200 null application/json; charset=utf-8 152.5158ms
2026-05-19 10:33:38.933 +07:00 [INF] Executed DbCommand (27ms) [Parameters=[@__currentQueueId_0='?' (DbType = Guid)], CommandType='"Text"', CommandTimeout='30']
SELECT TOP(1) [l].[JobId], [l].[ActualWeight], [l].[BayId], [l].[CompletedAt], [l].[CreatedAt], [l].[CreatedBy], [l].[DriverId], [l].[FailReason], [l].[JobCode], [l].[OrderId], [l].[OrderItemId], [l].[ProductId], [l].[SiloId], [l].[StartedAt], [l].[Status], [l].[TargetWeight], [l].[TolerancePct], [l].[TruckId], [l].[UpdatedAt], [t].[TruckId], [t].[CompanyName], [t].[CreatedAt], [t].[IsActive], [t].[LicensePlate], [t].[MaxCapacity], [t].[TruckType], [t].[UpdatedAt], [d].[DriverId], [d].[CreatedAt], [d].[FullName], [d].[IsActive], [d].[LicenseExpiry], [d].[LicenseNo], [d].[Phone], [p].[ProductId], [p].[CreatedAt], [p].[CriticalStock], [p].[IsActive], [p].[MaxStock], [p].[MinStock], [p].[ProductCode], [p].[ProductName], [p].[Unit]
FROM [slb].[LoadJobs] AS [l]
INNER JOIN [slb].[Trucks] AS [t] ON [l].[TruckId] = [t].[TruckId]
INNER JOIN [slb].[Drivers] AS [d] ON [l].[DriverId] = [d].[DriverId]
INNER JOIN [slb].[Products] AS [p] ON [l].[ProductId] = [p].[ProductId]
WHERE [l].[Status] NOT IN (N'COMPLETED', N'FAILED', N'CANCELLED') AND EXISTS (
    SELECT 1
    FROM [slb].[LoadQueues] AS [l0]
    WHERE [l0].[QueueId] = @__currentQueueId_0 AND [l0].[OrderId] = [l].[OrderId])
2026-05-19 10:33:38.940 +07:00 [INF] Request starting HTTP/1.1 GET http://localhost:5215/api/queue - null null
2026-05-19 10:33:38.940 +07:00 [INF] Executing endpoint 'SmartLoadBulk.API.Controllers.QueueController.GetBoard (SmartLoadBulk.API)'
2026-05-19 10:33:38.940 +07:00 [INF] Route matched with {action = "GetBoard", controller = "Queue"}. Executing controller action with signature System.Threading.Tasks.Task`1[Microsoft.AspNetCore.Mvc.ActionResult`1[SmartLoadBulk.Core.DTOs.Common.ApiResponse`1[System.Collections.Generic.List`1[SmartLoadBulk.Core.DTOs.Queue.QueueItemDto]]]] GetBoard() on controller SmartLoadBulk.API.Controllers.QueueController (SmartLoadBulk.API).
2026-05-19 10:33:38.951 +07:00 [INF] Executed DbCommand (1ms) [Parameters=[], CommandType='"Text"', CommandTimeout='30']
SELECT [l].[QueueId], [l].[OrderId], [o].[OrderCode], [c].[CustomerName], [l].[TruckId], [t].[LicensePlate], [t].[TruckType], [l].[DriverId], [d].[FullName], CAST([l].[Priority] AS int), [l].[Status], [l].[EnqueuedAt], [l].[CalledAt], [l].[DockedAt], [l].[CompletedAt], [l].[Remark]
FROM [slb].[LoadQueues] AS [l]
INNER JOIN [slb].[Orders] AS [o] ON [l].[OrderId] = [o].[OrderId]
INNER JOIN [slb].[Customers] AS [c] ON [o].[CustomerId] = [c].[CustomerId]
INNER JOIN [slb].[Trucks] AS [t] ON [l].[TruckId] = [t].[TruckId]
INNER JOIN [slb].[Drivers] AS [d] ON [l].[DriverId] = [d].[DriverId]
WHERE [l].[Status] NOT IN (N'DONE', N'CANCELLED')
ORDER BY [l].[Priority], [l].[EnqueuedAt]
2026-05-19 10:33:38.952 +07:00 [INF] Executing OkObjectResult, writing value of type 'SmartLoadBulk.Core.DTOs.Common.ApiResponse`1[[System.Collections.Generic.List`1[[SmartLoadBulk.Core.DTOs.Queue.QueueItemDto, SmartLoadBulk.Core, Version=1.0.0.0, Culture=neutral, PublicKeyToken=null]], System.Private.CoreLib, Version=9.0.0.0, Culture=neutral, PublicKeyToken=7cec85d7bea7798e]]'.
2026-05-19 10:33:38.952 +07:00 [INF] Executed action SmartLoadBulk.API.Controllers.QueueController.GetBoard (SmartLoadBulk.API) in 11.3797ms
2026-05-19 10:33:38.952 +07:00 [INF] Executed endpoint 'SmartLoadBulk.API.Controllers.QueueController.GetBoard (SmartLoadBulk.API)'
2026-05-19 10:33:38.952 +07:00 [INF] HTTP GET /api/queue responded 200 in 12.0705 ms
2026-05-19 10:33:38.952 +07:00 [INF] Request finished HTTP/1.1 GET http://localhost:5215/api/queue - 200 null application/json; charset=utf-8 12.3013ms
2026-05-19 10:33:38.998 +07:00 [INF] Executed DbCommand (1ms) [Parameters=[@__currentQueueId_0='?' (DbType = Guid)], CommandType='"Text"', CommandTimeout='30']
SELECT TOP(1) [l].[JobId], [l].[ActualWeight], [l].[BayId], [l].[CompletedAt], [l].[CreatedAt], [l].[CreatedBy], [l].[DriverId], [l].[FailReason], [l].[JobCode], [l].[OrderId], [l].[OrderItemId], [l].[ProductId], [l].[SiloId], [l].[StartedAt], [l].[Status], [l].[TargetWeight], [l].[TolerancePct], [l].[TruckId], [l].[UpdatedAt], [t].[TruckId], [t].[CompanyName], [t].[CreatedAt], [t].[IsActive], [t].[LicensePlate], [t].[MaxCapacity], [t].[TruckType], [t].[UpdatedAt], [d].[DriverId], [d].[CreatedAt], [d].[FullName], [d].[IsActive], [d].[LicenseExpiry], [d].[LicenseNo], [d].[Phone], [p].[ProductId], [p].[CreatedAt], [p].[CriticalStock], [p].[IsActive], [p].[MaxStock], [p].[MinStock], [p].[ProductCode], [p].[ProductName], [p].[Unit]
FROM [slb].[LoadJobs] AS [l]
INNER JOIN [slb].[Trucks] AS [t] ON [l].[TruckId] = [t].[TruckId]
INNER JOIN [slb].[Drivers] AS [d] ON [l].[DriverId] = [d].[DriverId]
INNER JOIN [slb].[Products] AS [p] ON [l].[ProductId] = [p].[ProductId]
WHERE [l].[Status] NOT IN (N'COMPLETED', N'FAILED', N'CANCELLED') AND EXISTS (
    SELECT 1
    FROM [slb].[LoadQueues] AS [l0]
    WHERE [l0].[QueueId] = @__currentQueueId_0 AND [l0].[OrderId] = [l].[OrderId])
2026-05-19 10:33:38.999 +07:00 [INF] Executing OkObjectResult, writing value of type 'SmartLoadBulk.Core.DTOs.Common.ApiResponse`1[[System.Collections.Generic.List`1[[SmartLoadBulk.Core.DTOs.Loading.BayStatusDto, SmartLoadBulk.Core, Version=1.0.0.0, Culture=neutral, PublicKeyToken=null]], System.Private.CoreLib, Version=9.0.0.0, Culture=neutral, PublicKeyToken=7cec85d7bea7798e]]'.
2026-05-19 10:33:39.005 +07:00 [INF] Executed action SmartLoadBulk.API.Controllers.LoadingJobController.GetAllBays (SmartLoadBulk.API) in 215.2613ms
2026-05-19 10:33:39.006 +07:00 [INF] Executed endpoint 'SmartLoadBulk.API.Controllers.LoadingJobController.GetAllBays (SmartLoadBulk.API)'
2026-05-19 10:33:39.006 +07:00 [INF] HTTP GET /api/bays responded 200 in 225.7025 ms
2026-05-19 10:33:39.006 +07:00 [INF] Request finished HTTP/1.1 GET http://localhost:5215/api/bays - 200 null application/json; charset=utf-8 225.9244ms
2026-05-19 10:33:39.013 +07:00 [INF] Request starting HTTP/1.1 GET http://localhost:5215/api/bays - null null
2026-05-19 10:33:39.014 +07:00 [INF] Executing endpoint 'SmartLoadBulk.API.Controllers.LoadingJobController.GetAllBays (SmartLoadBulk.API)'
2026-05-19 10:33:39.014 +07:00 [INF] Route matched with {action = "GetAllBays", controller = "LoadingJob"}. Executing controller action with signature System.Threading.Tasks.Task`1[Microsoft.AspNetCore.Mvc.ActionResult`1[SmartLoadBulk.Core.DTOs.Common.ApiResponse`1[System.Collections.Generic.List`1[SmartLoadBulk.Core.DTOs.Loading.BayStatusDto]]]] GetAllBays() on controller SmartLoadBulk.API.Controllers.LoadingJobController (SmartLoadBulk.API).
2026-05-19 10:33:39.016 +07:00 [INF] Executed DbCommand (1ms) [Parameters=[], CommandType='"Text"', CommandTimeout='30']
SELECT [b].[BayId], [b].[BayCode], [b].[BayName], [b].[BayType], [b].[CurrentQueueId], [b].[IsActive], [b].[LastUpdatedAt], [b].[MaxCapacity], [b].[Status]
FROM [slb].[Bays] AS [b]
WHERE [b].[IsActive] = CAST(1 AS bit)
2026-05-19 10:33:39.018 +07:00 [INF] Executed DbCommand (1ms) [Parameters=[@__currentQueueId_0='?' (DbType = Guid)], CommandType='"Text"', CommandTimeout='30']
SELECT TOP(1) [l].[JobId], [l].[ActualWeight], [l].[BayId], [l].[CompletedAt], [l].[CreatedAt], [l].[CreatedBy], [l].[DriverId], [l].[FailReason], [l].[JobCode], [l].[OrderId], [l].[OrderItemId], [l].[ProductId], [l].[SiloId], [l].[StartedAt], [l].[Status], [l].[TargetWeight], [l].[TolerancePct], [l].[TruckId], [l].[UpdatedAt], [t].[TruckId], [t].[CompanyName], [t].[CreatedAt], [t].[IsActive], [t].[LicensePlate], [t].[MaxCapacity], [t].[TruckType], [t].[UpdatedAt], [d].[DriverId], [d].[CreatedAt], [d].[FullName], [d].[IsActive], [d].[LicenseExpiry], [d].[LicenseNo], [d].[Phone], [p].[ProductId], [p].[CreatedAt], [p].[CriticalStock], [p].[IsActive], [p].[MaxStock], [p].[MinStock], [p].[ProductCode], [p].[ProductName], [p].[Unit]
FROM [slb].[LoadJobs] AS [l]
INNER JOIN [slb].[Trucks] AS [t] ON [l].[TruckId] = [t].[TruckId]
INNER JOIN [slb].[Drivers] AS [d] ON [l].[DriverId] = [d].[DriverId]
INNER JOIN [slb].[Products] AS [p] ON [l].[ProductId] = [p].[ProductId]
WHERE [l].[Status] NOT IN (N'COMPLETED', N'FAILED', N'CANCELLED') AND EXISTS (
    SELECT 1
    FROM [slb].[LoadQueues] AS [l0]
    WHERE [l0].[QueueId] = @__currentQueueId_0 AND [l0].[OrderId] = [l].[OrderId])
2026-05-19 10:33:39.019 +07:00 [INF] Executed DbCommand (1ms) [Parameters=[@__currentQueueId_0='?' (DbType = Guid)], CommandType='"Text"', CommandTimeout='30']
SELECT TOP(1) [l].[JobId], [l].[ActualWeight], [l].[BayId], [l].[CompletedAt], [l].[CreatedAt], [l].[CreatedBy], [l].[DriverId], [l].[FailReason], [l].[JobCode], [l].[OrderId], [l].[OrderItemId], [l].[ProductId], [l].[SiloId], [l].[StartedAt], [l].[Status], [l].[TargetWeight], [l].[TolerancePct], [l].[TruckId], [l].[UpdatedAt], [t].[TruckId], [t].[CompanyName], [t].[CreatedAt], [t].[IsActive], [t].[LicensePlate], [t].[MaxCapacity], [t].[TruckType], [t].[UpdatedAt], [d].[DriverId], [d].[CreatedAt], [d].[FullName], [d].[IsActive], [d].[LicenseExpiry], [d].[LicenseNo], [d].[Phone], [p].[ProductId], [p].[CreatedAt], [p].[CriticalStock], [p].[IsActive], [p].[MaxStock], [p].[MinStock], [p].[ProductCode], [p].[ProductName], [p].[Unit]
FROM [slb].[LoadJobs] AS [l]
INNER JOIN [slb].[Trucks] AS [t] ON [l].[TruckId] = [t].[TruckId]
INNER JOIN [slb].[Drivers] AS [d] ON [l].[DriverId] = [d].[DriverId]
INNER JOIN [slb].[Products] AS [p] ON [l].[ProductId] = [p].[ProductId]
WHERE [l].[Status] NOT IN (N'COMPLETED', N'FAILED', N'CANCELLED') AND EXISTS (
    SELECT 1
    FROM [slb].[LoadQueues] AS [l0]
    WHERE [l0].[QueueId] = @__currentQueueId_0 AND [l0].[OrderId] = [l].[OrderId])
2026-05-19 10:33:39.019 +07:00 [INF] Executing OkObjectResult, writing value of type 'SmartLoadBulk.Core.DTOs.Common.ApiResponse`1[[System.Collections.Generic.List`1[[SmartLoadBulk.Core.DTOs.Loading.BayStatusDto, SmartLoadBulk.Core, Version=1.0.0.0, Culture=neutral, PublicKeyToken=null]], System.Private.CoreLib, Version=9.0.0.0, Culture=neutral, PublicKeyToken=7cec85d7bea7798e]]'.
2026-05-19 10:33:39.020 +07:00 [INF] Executed action SmartLoadBulk.API.Controllers.LoadingJobController.GetAllBays (SmartLoadBulk.API) in 5.7414ms
2026-05-19 10:33:39.020 +07:00 [INF] Executed endpoint 'SmartLoadBulk.API.Controllers.LoadingJobController.GetAllBays (SmartLoadBulk.API)'
2026-05-19 10:33:39.020 +07:00 [INF] HTTP GET /api/bays responded 200 in 6.3892 ms
2026-05-19 10:33:39.020 +07:00 [INF] Request finished HTTP/1.1 GET http://localhost:5215/api/bays - 200 null application/json; charset=utf-8 6.6511ms
2026-05-19 10:33:48.936 +07:00 [INF] Request starting HTTP/1.1 POST http://localhost:5215/hubs/inventory/negotiate?negotiateVersion=1 - null 0
2026-05-19 10:33:48.936 +07:00 [INF] Request starting HTTP/1.1 GET http://localhost:5215/api/inventory - null null
2026-05-19 10:33:48.936 +07:00 [INF] Request starting HTTP/1.1 POST http://localhost:5215/hubs/inventory/negotiate?negotiateVersion=1 - null 0
2026-05-19 10:33:48.936 +07:00 [INF] CORS policy execution successful.
2026-05-19 10:33:48.936 +07:00 [INF] CORS policy execution successful.
2026-05-19 10:33:48.936 +07:00 [INF] Executing endpoint '/hubs/inventory/negotiate'
2026-05-19 10:33:48.936 +07:00 [INF] Executing endpoint 'SmartLoadBulk.API.Controllers.InventoryController.GetAll (SmartLoadBulk.API)'
2026-05-19 10:33:48.936 +07:00 [INF] Executing endpoint '/hubs/inventory/negotiate'
2026-05-19 10:33:48.936 +07:00 [INF] Executed endpoint '/hubs/inventory/negotiate'
2026-05-19 10:33:48.936 +07:00 [INF] HTTP POST /hubs/inventory/negotiate responded 200 in 0.5867 ms
2026-05-19 10:33:48.936 +07:00 [INF] Executed endpoint '/hubs/inventory/negotiate'
2026-05-19 10:33:48.936 +07:00 [INF] Request finished HTTP/1.1 POST http://localhost:5215/hubs/inventory/negotiate?negotiateVersion=1 - 200 316 application/json 0.8461ms
2026-05-19 10:33:48.937 +07:00 [INF] HTTP POST /hubs/inventory/negotiate responded 200 in 0.6171 ms
2026-05-19 10:33:48.937 +07:00 [INF] Request finished HTTP/1.1 POST http://localhost:5215/hubs/inventory/negotiate?negotiateVersion=1 - 200 316 application/json 0.825ms
2026-05-19 10:33:48.937 +07:00 [INF] Executed endpoint '/hubs/loading'
2026-05-19 10:33:48.937 +07:00 [INF] HTTP GET /hubs/loading responded 101 in 10122.4132 ms
2026-05-19 10:33:48.937 +07:00 [INF] Request finished HTTP/1.1 GET http://localhost:5215/hubs/loading?id=1OuMQk4CxM73xDLB7wVz7A&access_token=eyJhbGciOiJIUzI1NiIsInR5cCI6IkpXVCJ9.eyJzdWIiOiJhMDAwMDAwMS0wMDAwLTAwMDAtMDAwMC0wMDAwMDAwMDAwMDEiLCJ1bmlxdWVfbmFtZSI6ImFkbWluIiwiaHR0cDovL3NjaGVtYXMubWljcm9zb2Z0LmNvbS93cy8yMDA4LzA2L2lkZW50aXR5L2NsYWltcy9yb2xlIjoiQURNSU4iLCJqdGkiOiI0NGQ3MzNkMy1kM2VhLTQ3MjktOTg4OS1kZGE5ZTFhNGM0ZmMiLCJleHAiOjE3NzkxOTA0MTgsImlzcyI6IlNtYXJ0TG9hZEJ1bGsuQVBJIiwiYXVkIjoiU21hcnRMb2FkQnVsay5DbGllbnQifQ.JC3TinZzok8yKvX-EUy10PuPHK5yvsyu95N_LfGwIjk - 101 null null 10122.6693ms
2026-05-19 10:33:48.937 +07:00 [INF] Executed endpoint '/hubs/queue'
2026-05-19 10:33:48.937 +07:00 [INF] HTTP GET /hubs/queue responded 101 in 10080.1036 ms
2026-05-19 10:33:48.937 +07:00 [INF] Request finished HTTP/1.1 GET http://localhost:5215/hubs/queue?id=j39iA7RC1LiJQ6GXrpXlfA&access_token=eyJhbGciOiJIUzI1NiIsInR5cCI6IkpXVCJ9.eyJzdWIiOiJhMDAwMDAwMS0wMDAwLTAwMDAtMDAwMC0wMDAwMDAwMDAwMDEiLCJ1bmlxdWVfbmFtZSI6ImFkbWluIiwiaHR0cDovL3NjaGVtYXMubWljcm9zb2Z0LmNvbS93cy8yMDA4LzA2L2lkZW50aXR5L2NsYWltcy9yb2xlIjoiQURNSU4iLCJqdGkiOiI0NGQ3MzNkMy1kM2VhLTQ3MjktOTg4OS1kZGE5ZTFhNGM0ZmMiLCJleHAiOjE3NzkxOTA0MTgsImlzcyI6IlNtYXJ0TG9hZEJ1bGsuQVBJIiwiYXVkIjoiU21hcnRMb2FkQnVsay5DbGllbnQifQ.JC3TinZzok8yKvX-EUy10PuPHK5yvsyu95N_LfGwIjk - 101 null null 10080.3437ms
2026-05-19 10:33:48.938 +07:00 [INF] Route matched with {action = "GetAll", controller = "Inventory"}. Executing controller action with signature System.Threading.Tasks.Task`1[Microsoft.AspNetCore.Mvc.ActionResult`1[SmartLoadBulk.Core.DTOs.Common.ApiResponse`1[System.Collections.Generic.List`1[SmartLoadBulk.Core.DTOs.Inventory.ProductStockDto]]]] GetAll() on controller SmartLoadBulk.API.Controllers.InventoryController (SmartLoadBulk.API).
2026-05-19 10:33:48.949 +07:00 [INF] Request starting HTTP/1.1 GET http://localhost:5215/hubs/inventory?id=rec7WSfyB-WJC2qLFqTcyQ&access_token=eyJhbGciOiJIUzI1NiIsInR5cCI6IkpXVCJ9.eyJzdWIiOiJhMDAwMDAwMS0wMDAwLTAwMDAtMDAwMC0wMDAwMDAwMDAwMDEiLCJ1bmlxdWVfbmFtZSI6ImFkbWluIiwiaHR0cDovL3NjaGVtYXMubWljcm9zb2Z0LmNvbS93cy8yMDA4LzA2L2lkZW50aXR5L2NsYWltcy9yb2xlIjoiQURNSU4iLCJqdGkiOiI0NGQ3MzNkMy1kM2VhLTQ3MjktOTg4OS1kZGE5ZTFhNGM0ZmMiLCJleHAiOjE3NzkxOTA0MTgsImlzcyI6IlNtYXJ0TG9hZEJ1bGsuQVBJIiwiYXVkIjoiU21hcnRMb2FkQnVsay5DbGllbnQifQ.JC3TinZzok8yKvX-EUy10PuPHK5yvsyu95N_LfGwIjk - null null
2026-05-19 10:33:48.950 +07:00 [INF] CORS policy execution successful.
2026-05-19 10:33:48.950 +07:00 [INF] Executing endpoint '/hubs/inventory'
2026-05-19 10:33:48.967 +07:00 [WRN] Compiling a query which loads related collections for more than one collection navigation, either via 'Include' or through projection, but no 'QuerySplittingBehavior' has been configured. By default, Entity Framework will use 'QuerySplittingBehavior.SingleQuery', which can potentially result in slow query performance. See https://go.microsoft.com/fwlink/?linkid=2134277 for more information. To identify the query that's triggering this warning call 'ConfigureWarnings(w => w.Throw(RelationalEventId.MultipleCollectionIncludeWarning))'.
2026-05-19 10:33:48.992 +07:00 [INF] Executed DbCommand (11ms) [Parameters=[], CommandType='"Text"', CommandTimeout='30']
SELECT [p].[ProductId], [p].[CreatedAt], [p].[CriticalStock], [p].[IsActive], [p].[MaxStock], [p].[MinStock], [p].[ProductCode], [p].[ProductName], [p].[Unit], [s0].[SiloId], [s0].[Capacity], [s0].[IsActive], [s0].[ProductId], [s0].[SiloCode], [s0].[SiloName], [i].[InventoryId], [i].[CurrentStock], [i].[ProductId], [i].[ReservedStock], [i].[SiloId], [i].[UpdatedAt]
FROM [slb].[Products] AS [p]
LEFT JOIN (
    SELECT [s].[SiloId], [s].[Capacity], [s].[IsActive], [s].[ProductId], [s].[SiloCode], [s].[SiloName]
    FROM [slb].[Silos] AS [s]
    WHERE [s].[IsActive] = CAST(1 AS bit)
) AS [s0] ON [p].[ProductId] = [s0].[ProductId]
LEFT JOIN [slb].[Inventory] AS [i] ON [p].[ProductId] = [i].[ProductId]
WHERE [p].[IsActive] = CAST(1 AS bit)
ORDER BY [p].[ProductId], [s0].[SiloId]
2026-05-19 10:33:49.026 +07:00 [INF] Executing OkObjectResult, writing value of type 'SmartLoadBulk.Core.DTOs.Common.ApiResponse`1[[System.Collections.Generic.List`1[[SmartLoadBulk.Core.DTOs.Inventory.ProductStockDto, SmartLoadBulk.Core, Version=1.0.0.0, Culture=neutral, PublicKeyToken=null]], System.Private.CoreLib, Version=9.0.0.0, Culture=neutral, PublicKeyToken=7cec85d7bea7798e]]'.
2026-05-19 10:33:49.029 +07:00 [INF] Executed action SmartLoadBulk.API.Controllers.InventoryController.GetAll (SmartLoadBulk.API) in 89.9847ms
2026-05-19 10:33:49.029 +07:00 [INF] Executed endpoint 'SmartLoadBulk.API.Controllers.InventoryController.GetAll (SmartLoadBulk.API)'
2026-05-19 10:33:49.029 +07:00 [INF] HTTP GET /api/inventory responded 200 in 92.7799 ms
2026-05-19 10:33:49.029 +07:00 [INF] Request finished HTTP/1.1 GET http://localhost:5215/api/inventory - 200 null application/json; charset=utf-8 93.0214ms
2026-05-19 10:33:49.037 +07:00 [INF] Request starting HTTP/1.1 GET http://localhost:5215/api/inventory - null null
2026-05-19 10:33:49.037 +07:00 [INF] Executing endpoint 'SmartLoadBulk.API.Controllers.InventoryController.GetAll (SmartLoadBulk.API)'
2026-05-19 10:33:49.037 +07:00 [INF] Route matched with {action = "GetAll", controller = "Inventory"}. Executing controller action with signature System.Threading.Tasks.Task`1[Microsoft.AspNetCore.Mvc.ActionResult`1[SmartLoadBulk.Core.DTOs.Common.ApiResponse`1[System.Collections.Generic.List`1[SmartLoadBulk.Core.DTOs.Inventory.ProductStockDto]]]] GetAll() on controller SmartLoadBulk.API.Controllers.InventoryController (SmartLoadBulk.API).
2026-05-19 10:33:49.040 +07:00 [INF] Executed DbCommand (1ms) [Parameters=[], CommandType='"Text"', CommandTimeout='30']
SELECT [p].[ProductId], [p].[CreatedAt], [p].[CriticalStock], [p].[IsActive], [p].[MaxStock], [p].[MinStock], [p].[ProductCode], [p].[ProductName], [p].[Unit], [s0].[SiloId], [s0].[Capacity], [s0].[IsActive], [s0].[ProductId], [s0].[SiloCode], [s0].[SiloName], [i].[InventoryId], [i].[CurrentStock], [i].[ProductId], [i].[ReservedStock], [i].[SiloId], [i].[UpdatedAt]
FROM [slb].[Products] AS [p]
LEFT JOIN (
    SELECT [s].[SiloId], [s].[Capacity], [s].[IsActive], [s].[ProductId], [s].[SiloCode], [s].[SiloName]
    FROM [slb].[Silos] AS [s]
    WHERE [s].[IsActive] = CAST(1 AS bit)
) AS [s0] ON [p].[ProductId] = [s0].[ProductId]
LEFT JOIN [slb].[Inventory] AS [i] ON [p].[ProductId] = [i].[ProductId]
WHERE [p].[IsActive] = CAST(1 AS bit)
ORDER BY [p].[ProductId], [s0].[SiloId]
2026-05-19 10:33:49.041 +07:00 [INF] Executing OkObjectResult, writing value of type 'SmartLoadBulk.Core.DTOs.Common.ApiResponse`1[[System.Collections.Generic.List`1[[SmartLoadBulk.Core.DTOs.Inventory.ProductStockDto, SmartLoadBulk.Core, Version=1.0.0.0, Culture=neutral, PublicKeyToken=null]], System.Private.CoreLib, Version=9.0.0.0, Culture=neutral, PublicKeyToken=7cec85d7bea7798e]]'.
2026-05-19 10:33:49.041 +07:00 [INF] Executed action SmartLoadBulk.API.Controllers.InventoryController.GetAll (SmartLoadBulk.API) in 3.663ms
2026-05-19 10:33:49.041 +07:00 [INF] Executed endpoint 'SmartLoadBulk.API.Controllers.InventoryController.GetAll (SmartLoadBulk.API)'
2026-05-19 10:33:49.041 +07:00 [INF] HTTP GET /api/inventory responded 200 in 4.2746 ms
2026-05-19 10:33:49.041 +07:00 [INF] Request finished HTTP/1.1 GET http://localhost:5215/api/inventory - 200 null application/json; charset=utf-8 4.4792ms
2026-05-19 10:33:51.539 +07:00 [INF] Executed endpoint '/hubs/inventory'
2026-05-19 10:33:51.539 +07:00 [INF] HTTP GET /hubs/inventory responded 101 in 2589.3016 ms
2026-05-19 10:33:51.539 +07:00 [INF] Request finished HTTP/1.1 GET http://localhost:5215/hubs/inventory?id=rec7WSfyB-WJC2qLFqTcyQ&access_token=eyJhbGciOiJIUzI1NiIsInR5cCI6IkpXVCJ9.eyJzdWIiOiJhMDAwMDAwMS0wMDAwLTAwMDAtMDAwMC0wMDAwMDAwMDAwMDEiLCJ1bmlxdWVfbmFtZSI6ImFkbWluIiwiaHR0cDovL3NjaGVtYXMubWljcm9zb2Z0LmNvbS93cy8yMDA4LzA2L2lkZW50aXR5L2NsYWltcy9yb2xlIjoiQURNSU4iLCJqdGkiOiI0NGQ3MzNkMy1kM2VhLTQ3MjktOTg4OS1kZGE5ZTFhNGM0ZmMiLCJleHAiOjE3NzkxOTA0MTgsImlzcyI6IlNtYXJ0TG9hZEJ1bGsuQVBJIiwiYXVkIjoiU21hcnRMb2FkQnVsay5DbGllbnQifQ.JC3TinZzok8yKvX-EUy10PuPHK5yvsyu95N_LfGwIjk - 101 null null 2589.6216ms
2026-05-19 10:33:51.545 +07:00 [INF] Request starting HTTP/1.1 POST http://localhost:5215/hubs/queue/negotiate?negotiateVersion=1 - null 0
2026-05-19 10:33:51.545 +07:00 [INF] CORS policy execution successful.
2026-05-19 10:33:51.545 +07:00 [INF] Request starting HTTP/1.1 POST http://localhost:5215/hubs/queue/negotiate?negotiateVersion=1 - null 0
2026-05-19 10:33:51.545 +07:00 [INF] CORS policy execution successful.
2026-05-19 10:33:51.545 +07:00 [INF] Executing endpoint '/hubs/queue/negotiate'
2026-05-19 10:33:51.545 +07:00 [INF] Executing endpoint '/hubs/queue/negotiate'
2026-05-19 10:33:51.545 +07:00 [INF] Executed endpoint '/hubs/queue/negotiate'
2026-05-19 10:33:51.545 +07:00 [INF] Executed endpoint '/hubs/queue/negotiate'
2026-05-19 10:33:51.545 +07:00 [INF] HTTP POST /hubs/queue/negotiate responded 200 in 0.5245 ms
2026-05-19 10:33:51.545 +07:00 [INF] HTTP POST /hubs/queue/negotiate responded 200 in 0.2906 ms
2026-05-19 10:33:51.545 +07:00 [INF] Request finished HTTP/1.1 POST http://localhost:5215/hubs/queue/negotiate?negotiateVersion=1 - 200 316 application/json 0.3706ms
2026-05-19 10:33:51.545 +07:00 [INF] Request finished HTTP/1.1 POST http://localhost:5215/hubs/queue/negotiate?negotiateVersion=1 - 200 316 application/json 0.6897ms
2026-05-19 10:33:51.546 +07:00 [INF] Request starting HTTP/1.1 GET http://localhost:5215/api/orders?page=1&pageSize=50 - null null
2026-05-19 10:33:51.546 +07:00 [INF] Executing endpoint 'SmartLoadBulk.API.Controllers.OrdersController.GetOrders (SmartLoadBulk.API)'
2026-05-19 10:33:51.550 +07:00 [INF] Route matched with {action = "GetOrders", controller = "Orders"}. Executing controller action with signature System.Threading.Tasks.Task`1[Microsoft.AspNetCore.Mvc.ActionResult`1[SmartLoadBulk.Core.DTOs.Common.ApiResponse`1[SmartLoadBulk.Core.DTOs.Common.PagedResponse`1[SmartLoadBulk.Core.DTOs.Order.OrderListDto]]]] GetOrders(Int32, Int32, System.String) on controller SmartLoadBulk.API.Controllers.OrdersController (SmartLoadBulk.API).
2026-05-19 10:33:51.556 +07:00 [INF] Request starting HTTP/1.1 GET http://localhost:5215/hubs/queue?id=A5XT-0DWGzbi6RvcR6UHUg&access_token=eyJhbGciOiJIUzI1NiIsInR5cCI6IkpXVCJ9.eyJzdWIiOiJhMDAwMDAwMS0wMDAwLTAwMDAtMDAwMC0wMDAwMDAwMDAwMDEiLCJ1bmlxdWVfbmFtZSI6ImFkbWluIiwiaHR0cDovL3NjaGVtYXMubWljcm9zb2Z0LmNvbS93cy8yMDA4LzA2L2lkZW50aXR5L2NsYWltcy9yb2xlIjoiQURNSU4iLCJqdGkiOiI0NGQ3MzNkMy1kM2VhLTQ3MjktOTg4OS1kZGE5ZTFhNGM0ZmMiLCJleHAiOjE3NzkxOTA0MTgsImlzcyI6IlNtYXJ0TG9hZEJ1bGsuQVBJIiwiYXVkIjoiU21hcnRMb2FkQnVsay5DbGllbnQifQ.JC3TinZzok8yKvX-EUy10PuPHK5yvsyu95N_LfGwIjk - null null
2026-05-19 10:33:51.556 +07:00 [INF] CORS policy execution successful.
2026-05-19 10:33:51.556 +07:00 [INF] Executing endpoint '/hubs/queue'
2026-05-19 10:33:51.572 +07:00 [INF] Executed DbCommand (3ms) [Parameters=[], CommandType='"Text"', CommandTimeout='30']
SELECT COUNT(*)
FROM [slb].[Orders] AS [o]
2026-05-19 10:33:51.606 +07:00 [INF] Executed DbCommand (11ms) [Parameters=[@__p_0='?' (DbType = Int32), @__p_1='?' (DbType = Int32)], CommandType='"Text"', CommandTimeout='30']
SELECT [o0].[OrderId], [o0].[OrderCode], [c].[CustomerName], [o0].[OrderDate], [o0].[RequiredDate], [o0].[Status], COALESCE([o0].[TotalWeight], 0.0), (
    SELECT COUNT(*)
    FROM [slb].[OrderItems] AS [o1]
    WHERE [o0].[OrderId] = [o1].[OrderId]), [o0].[CreatedAt]
FROM (
    SELECT [o].[OrderId], [o].[CreatedAt], [o].[CustomerId], [o].[OrderCode], [o].[OrderDate], [o].[RequiredDate], [o].[Status], [o].[TotalWeight]
    FROM [slb].[Orders] AS [o]
    ORDER BY [o].[CreatedAt] DESC
    OFFSET @__p_0 ROWS FETCH NEXT @__p_1 ROWS ONLY
) AS [o0]
INNER JOIN [slb].[Customers] AS [c] ON [o0].[CustomerId] = [c].[CustomerId]
ORDER BY [o0].[CreatedAt] DESC
2026-05-19 10:33:51.608 +07:00 [INF] Executing OkObjectResult, writing value of type 'SmartLoadBulk.Core.DTOs.Common.ApiResponse`1[[SmartLoadBulk.Core.DTOs.Common.PagedResponse`1[[SmartLoadBulk.Core.DTOs.Order.OrderListDto, SmartLoadBulk.Core, Version=1.0.0.0, Culture=neutral, PublicKeyToken=null]], SmartLoadBulk.Core, Version=1.0.0.0, Culture=neutral, PublicKeyToken=null]]'.
2026-05-19 10:33:51.612 +07:00 [INF] Executed action SmartLoadBulk.API.Controllers.OrdersController.GetOrders (SmartLoadBulk.API) in 61.6824ms
2026-05-19 10:33:51.612 +07:00 [INF] Executed endpoint 'SmartLoadBulk.API.Controllers.OrdersController.GetOrders (SmartLoadBulk.API)'
2026-05-19 10:33:51.612 +07:00 [INF] HTTP GET /api/orders responded 200 in 66.4784 ms
2026-05-19 10:33:51.613 +07:00 [INF] Request finished HTTP/1.1 GET http://localhost:5215/api/orders?page=1&pageSize=50 - 200 null application/json; charset=utf-8 66.6516ms
2026-05-19 10:33:51.622 +07:00 [INF] Request starting HTTP/1.1 GET http://localhost:5215/api/orders?page=1&pageSize=50 - null null
2026-05-19 10:33:51.623 +07:00 [INF] Executing endpoint 'SmartLoadBulk.API.Controllers.OrdersController.GetOrders (SmartLoadBulk.API)'
2026-05-19 10:33:51.623 +07:00 [INF] Route matched with {action = "GetOrders", controller = "Orders"}. Executing controller action with signature System.Threading.Tasks.Task`1[Microsoft.AspNetCore.Mvc.ActionResult`1[SmartLoadBulk.Core.DTOs.Common.ApiResponse`1[SmartLoadBulk.Core.DTOs.Common.PagedResponse`1[SmartLoadBulk.Core.DTOs.Order.OrderListDto]]]] GetOrders(Int32, Int32, System.String) on controller SmartLoadBulk.API.Controllers.OrdersController (SmartLoadBulk.API).
2026-05-19 10:33:51.625 +07:00 [INF] Executed DbCommand (1ms) [Parameters=[], CommandType='"Text"', CommandTimeout='30']
SELECT COUNT(*)
FROM [slb].[Orders] AS [o]
2026-05-19 10:33:51.626 +07:00 [INF] Executed DbCommand (1ms) [Parameters=[@__p_0='?' (DbType = Int32), @__p_1='?' (DbType = Int32)], CommandType='"Text"', CommandTimeout='30']
SELECT [o0].[OrderId], [o0].[OrderCode], [c].[CustomerName], [o0].[OrderDate], [o0].[RequiredDate], [o0].[Status], COALESCE([o0].[TotalWeight], 0.0), (
    SELECT COUNT(*)
    FROM [slb].[OrderItems] AS [o1]
    WHERE [o0].[OrderId] = [o1].[OrderId]), [o0].[CreatedAt]
FROM (
    SELECT [o].[OrderId], [o].[CreatedAt], [o].[CustomerId], [o].[OrderCode], [o].[OrderDate], [o].[RequiredDate], [o].[Status], [o].[TotalWeight]
    FROM [slb].[Orders] AS [o]
    ORDER BY [o].[CreatedAt] DESC
    OFFSET @__p_0 ROWS FETCH NEXT @__p_1 ROWS ONLY
) AS [o0]
INNER JOIN [slb].[Customers] AS [c] ON [o0].[CustomerId] = [c].[CustomerId]
ORDER BY [o0].[CreatedAt] DESC
2026-05-19 10:33:51.627 +07:00 [INF] Executing OkObjectResult, writing value of type 'SmartLoadBulk.Core.DTOs.Common.ApiResponse`1[[SmartLoadBulk.Core.DTOs.Common.PagedResponse`1[[SmartLoadBulk.Core.DTOs.Order.OrderListDto, SmartLoadBulk.Core, Version=1.0.0.0, Culture=neutral, PublicKeyToken=null]], SmartLoadBulk.Core, Version=1.0.0.0, Culture=neutral, PublicKeyToken=null]]'.
2026-05-19 10:33:51.627 +07:00 [INF] Executed action SmartLoadBulk.API.Controllers.OrdersController.GetOrders (SmartLoadBulk.API) in 4.0784ms
2026-05-19 10:33:51.627 +07:00 [INF] Executed endpoint 'SmartLoadBulk.API.Controllers.OrdersController.GetOrders (SmartLoadBulk.API)'
2026-05-19 10:33:51.627 +07:00 [INF] HTTP GET /api/orders responded 200 in 4.7096 ms
2026-05-19 10:33:51.627 +07:00 [INF] Request finished HTTP/1.1 GET http://localhost:5215/api/orders?page=1&pageSize=50 - 200 null application/json; charset=utf-8 4.8823ms
2026-05-19 10:33:53.188 +07:00 [INF] Executed endpoint '/hubs/queue'
2026-05-19 10:33:53.189 +07:00 [INF] HTTP GET /hubs/queue responded 101 in 1632.5013 ms
2026-05-19 10:33:53.189 +07:00 [INF] Request finished HTTP/1.1 GET http://localhost:5215/hubs/queue?id=A5XT-0DWGzbi6RvcR6UHUg&access_token=eyJhbGciOiJIUzI1NiIsInR5cCI6IkpXVCJ9.eyJzdWIiOiJhMDAwMDAwMS0wMDAwLTAwMDAtMDAwMC0wMDAwMDAwMDAwMDEiLCJ1bmlxdWVfbmFtZSI6ImFkbWluIiwiaHR0cDovL3NjaGVtYXMubWljcm9zb2Z0LmNvbS93cy8yMDA4LzA2L2lkZW50aXR5L2NsYWltcy9yb2xlIjoiQURNSU4iLCJqdGkiOiI0NGQ3MzNkMy1kM2VhLTQ3MjktOTg4OS1kZGE5ZTFhNGM0ZmMiLCJleHAiOjE3NzkxOTA0MTgsImlzcyI6IlNtYXJ0TG9hZEJ1bGsuQVBJIiwiYXVkIjoiU21hcnRMb2FkQnVsay5DbGllbnQifQ.JC3TinZzok8yKvX-EUy10PuPHK5yvsyu95N_LfGwIjk - 101 null null 1632.6725ms
2026-05-19 10:33:53.194 +07:00 [INF] Request starting HTTP/1.1 GET http://localhost:5215/api/drivers?page=1&pageSize=20 - null null
2026-05-19 10:33:53.194 +07:00 [INF] Request starting HTTP/1.1 GET http://localhost:5215/api/trucks?page=1&pageSize=20 - null null
2026-05-19 10:33:53.194 +07:00 [INF] Executing endpoint 'SmartLoadBulk.API.Controllers.TruckRegisterController.GetTrucks (SmartLoadBulk.API)'
2026-05-19 10:33:53.194 +07:00 [INF] Executing endpoint 'SmartLoadBulk.API.Controllers.TruckRegisterController.GetDrivers (SmartLoadBulk.API)'
2026-05-19 10:33:53.197 +07:00 [INF] Route matched with {action = "GetDrivers", controller = "TruckRegister"}. Executing controller action with signature System.Threading.Tasks.Task`1[Microsoft.AspNetCore.Mvc.ActionResult`1[SmartLoadBulk.Core.DTOs.Common.ApiResponse`1[SmartLoadBulk.Core.DTOs.Common.PagedResponse`1[SmartLoadBulk.Core.DTOs.Truck.DriverDto]]]] GetDrivers(Int32, Int32, System.Nullable`1[System.Boolean]) on controller SmartLoadBulk.API.Controllers.TruckRegisterController (SmartLoadBulk.API).
2026-05-19 10:33:53.197 +07:00 [INF] Route matched with {action = "GetTrucks", controller = "TruckRegister"}. Executing controller action with signature System.Threading.Tasks.Task`1[Microsoft.AspNetCore.Mvc.ActionResult`1[SmartLoadBulk.Core.DTOs.Common.ApiResponse`1[SmartLoadBulk.Core.DTOs.Common.PagedResponse`1[SmartLoadBulk.Core.DTOs.Truck.TruckDto]]]] GetTrucks(Int32, Int32, System.Nullable`1[System.Boolean]) on controller SmartLoadBulk.API.Controllers.TruckRegisterController (SmartLoadBulk.API).
2026-05-19 10:33:53.204 +07:00 [INF] Executed DbCommand (2ms) [Parameters=[], CommandType='"Text"', CommandTimeout='30']
SELECT COUNT(*)
FROM [slb].[Trucks] AS [t]
2026-05-19 10:33:53.204 +07:00 [INF] Executed DbCommand (2ms) [Parameters=[], CommandType='"Text"', CommandTimeout='30']
SELECT COUNT(*)
FROM [slb].[Drivers] AS [d]
2026-05-19 10:33:53.212 +07:00 [INF] Executed DbCommand (2ms) [Parameters=[@__p_0='?' (DbType = Int32), @__p_1='?' (DbType = Int32)], CommandType='"Text"', CommandTimeout='30']
SELECT [d].[DriverId], [d].[FullName], [d].[LicenseNo], [d].[LicenseExpiry], [d].[Phone], [d].[IsActive], [d].[CreatedAt]
FROM [slb].[Drivers] AS [d]
ORDER BY [d].[FullName]
OFFSET @__p_0 ROWS FETCH NEXT @__p_1 ROWS ONLY
2026-05-19 10:33:53.212 +07:00 [INF] Executed DbCommand (2ms) [Parameters=[@__p_0='?' (DbType = Int32), @__p_1='?' (DbType = Int32)], CommandType='"Text"', CommandTimeout='30']
SELECT [t].[TruckId], [t].[LicensePlate], [t].[TruckType], [t].[MaxCapacity], [t].[CompanyName], [t].[IsActive], [t].[CreatedAt]
FROM [slb].[Trucks] AS [t]
ORDER BY [t].[LicensePlate]
OFFSET @__p_0 ROWS FETCH NEXT @__p_1 ROWS ONLY
2026-05-19 10:33:53.212 +07:00 [INF] Executing OkObjectResult, writing value of type 'SmartLoadBulk.Core.DTOs.Common.ApiResponse`1[[SmartLoadBulk.Core.DTOs.Common.PagedResponse`1[[SmartLoadBulk.Core.DTOs.Truck.DriverDto, SmartLoadBulk.Core, Version=1.0.0.0, Culture=neutral, PublicKeyToken=null]], SmartLoadBulk.Core, Version=1.0.0.0, Culture=neutral, PublicKeyToken=null]]'.
2026-05-19 10:33:53.212 +07:00 [INF] Executing OkObjectResult, writing value of type 'SmartLoadBulk.Core.DTOs.Common.ApiResponse`1[[SmartLoadBulk.Core.DTOs.Common.PagedResponse`1[[SmartLoadBulk.Core.DTOs.Truck.TruckDto, SmartLoadBulk.Core, Version=1.0.0.0, Culture=neutral, PublicKeyToken=null]], SmartLoadBulk.Core, Version=1.0.0.0, Culture=neutral, PublicKeyToken=null]]'.
2026-05-19 10:33:53.214 +07:00 [INF] Executed action SmartLoadBulk.API.Controllers.TruckRegisterController.GetDrivers (SmartLoadBulk.API) in 16.6994ms
2026-05-19 10:33:53.214 +07:00 [INF] Executed endpoint 'SmartLoadBulk.API.Controllers.TruckRegisterController.GetDrivers (SmartLoadBulk.API)'
2026-05-19 10:33:53.214 +07:00 [INF] HTTP GET /api/drivers responded 200 in 20.3194 ms
2026-05-19 10:33:53.214 +07:00 [INF] Request finished HTTP/1.1 GET http://localhost:5215/api/drivers?page=1&pageSize=20 - 200 null application/json; charset=utf-8 20.5088ms
2026-05-19 10:33:53.215 +07:00 [INF] Executed action SmartLoadBulk.API.Controllers.TruckRegisterController.GetTrucks (SmartLoadBulk.API) in 17.3044ms
2026-05-19 10:33:53.215 +07:00 [INF] Executed endpoint 'SmartLoadBulk.API.Controllers.TruckRegisterController.GetTrucks (SmartLoadBulk.API)'
2026-05-19 10:33:53.215 +07:00 [INF] HTTP GET /api/trucks responded 200 in 20.7681 ms
2026-05-19 10:33:53.215 +07:00 [INF] Request finished HTTP/1.1 GET http://localhost:5215/api/trucks?page=1&pageSize=20 - 200 null application/json; charset=utf-8 20.8717ms
2026-05-19 10:33:53.225 +07:00 [INF] Request starting HTTP/1.1 GET http://localhost:5215/api/trucks?page=1&pageSize=20 - null null
2026-05-19 10:33:53.225 +07:00 [INF] Request starting HTTP/1.1 GET http://localhost:5215/api/drivers?page=1&pageSize=20 - null null
2026-05-19 10:33:53.225 +07:00 [INF] Executing endpoint 'SmartLoadBulk.API.Controllers.TruckRegisterController.GetDrivers (SmartLoadBulk.API)'
2026-05-19 10:33:53.225 +07:00 [INF] Executing endpoint 'SmartLoadBulk.API.Controllers.TruckRegisterController.GetTrucks (SmartLoadBulk.API)'
2026-05-19 10:33:53.225 +07:00 [INF] Route matched with {action = "GetDrivers", controller = "TruckRegister"}. Executing controller action with signature System.Threading.Tasks.Task`1[Microsoft.AspNetCore.Mvc.ActionResult`1[SmartLoadBulk.Core.DTOs.Common.ApiResponse`1[SmartLoadBulk.Core.DTOs.Common.PagedResponse`1[SmartLoadBulk.Core.DTOs.Truck.DriverDto]]]] GetDrivers(Int32, Int32, System.Nullable`1[System.Boolean]) on controller SmartLoadBulk.API.Controllers.TruckRegisterController (SmartLoadBulk.API).
2026-05-19 10:33:53.225 +07:00 [INF] Route matched with {action = "GetTrucks", controller = "TruckRegister"}. Executing controller action with signature System.Threading.Tasks.Task`1[Microsoft.AspNetCore.Mvc.ActionResult`1[SmartLoadBulk.Core.DTOs.Common.ApiResponse`1[SmartLoadBulk.Core.DTOs.Common.PagedResponse`1[SmartLoadBulk.Core.DTOs.Truck.TruckDto]]]] GetTrucks(Int32, Int32, System.Nullable`1[System.Boolean]) on controller SmartLoadBulk.API.Controllers.TruckRegisterController (SmartLoadBulk.API).
2026-05-19 10:33:53.228 +07:00 [INF] Executed DbCommand (1ms) [Parameters=[], CommandType='"Text"', CommandTimeout='30']
SELECT COUNT(*)
FROM [slb].[Trucks] AS [t]
2026-05-19 10:33:53.228 +07:00 [INF] Executed DbCommand (1ms) [Parameters=[], CommandType='"Text"', CommandTimeout='30']
SELECT COUNT(*)
FROM [slb].[Drivers] AS [d]
2026-05-19 10:33:53.229 +07:00 [INF] Executed DbCommand (0ms) [Parameters=[@__p_0='?' (DbType = Int32), @__p_1='?' (DbType = Int32)], CommandType='"Text"', CommandTimeout='30']
SELECT [t].[TruckId], [t].[LicensePlate], [t].[TruckType], [t].[MaxCapacity], [t].[CompanyName], [t].[IsActive], [t].[CreatedAt]
FROM [slb].[Trucks] AS [t]
ORDER BY [t].[LicensePlate]
OFFSET @__p_0 ROWS FETCH NEXT @__p_1 ROWS ONLY
2026-05-19 10:33:53.229 +07:00 [INF] Executed DbCommand (1ms) [Parameters=[@__p_0='?' (DbType = Int32), @__p_1='?' (DbType = Int32)], CommandType='"Text"', CommandTimeout='30']
SELECT [d].[DriverId], [d].[FullName], [d].[LicenseNo], [d].[LicenseExpiry], [d].[Phone], [d].[IsActive], [d].[CreatedAt]
FROM [slb].[Drivers] AS [d]
ORDER BY [d].[FullName]
OFFSET @__p_0 ROWS FETCH NEXT @__p_1 ROWS ONLY
2026-05-19 10:33:53.229 +07:00 [INF] Executing OkObjectResult, writing value of type 'SmartLoadBulk.Core.DTOs.Common.ApiResponse`1[[SmartLoadBulk.Core.DTOs.Common.PagedResponse`1[[SmartLoadBulk.Core.DTOs.Truck.TruckDto, SmartLoadBulk.Core, Version=1.0.0.0, Culture=neutral, PublicKeyToken=null]], SmartLoadBulk.Core, Version=1.0.0.0, Culture=neutral, PublicKeyToken=null]]'.
2026-05-19 10:33:53.229 +07:00 [INF] Executing OkObjectResult, writing value of type 'SmartLoadBulk.Core.DTOs.Common.ApiResponse`1[[SmartLoadBulk.Core.DTOs.Common.PagedResponse`1[[SmartLoadBulk.Core.DTOs.Truck.DriverDto, SmartLoadBulk.Core, Version=1.0.0.0, Culture=neutral, PublicKeyToken=null]], SmartLoadBulk.Core, Version=1.0.0.0, Culture=neutral, PublicKeyToken=null]]'.
2026-05-19 10:33:53.229 +07:00 [INF] Executed action SmartLoadBulk.API.Controllers.TruckRegisterController.GetTrucks (SmartLoadBulk.API) in 3.81ms
2026-05-19 10:33:53.229 +07:00 [INF] Executed endpoint 'SmartLoadBulk.API.Controllers.TruckRegisterController.GetTrucks (SmartLoadBulk.API)'
2026-05-19 10:33:53.229 +07:00 [INF] Executed action SmartLoadBulk.API.Controllers.TruckRegisterController.GetDrivers (SmartLoadBulk.API) in 3.8942ms
2026-05-19 10:33:53.229 +07:00 [INF] HTTP GET /api/trucks responded 200 in 4.2696 ms
2026-05-19 10:33:53.229 +07:00 [INF] Executed endpoint 'SmartLoadBulk.API.Controllers.TruckRegisterController.GetDrivers (SmartLoadBulk.API)'
2026-05-19 10:33:53.229 +07:00 [INF] HTTP GET /api/drivers responded 200 in 4.2585 ms
2026-05-19 10:33:53.229 +07:00 [INF] Request finished HTTP/1.1 GET http://localhost:5215/api/trucks?page=1&pageSize=20 - 200 null application/json; charset=utf-8 4.4317ms
2026-05-19 10:33:53.229 +07:00 [INF] Request finished HTTP/1.1 GET http://localhost:5215/api/drivers?page=1&pageSize=20 - 200 null application/json; charset=utf-8 4.3432ms
2026-05-19 10:33:54.554 +07:00 [INF] Request starting HTTP/1.1 POST http://localhost:5215/hubs/loading/negotiate?negotiateVersion=1 - null 0
2026-05-19 10:33:54.554 +07:00 [INF] Request starting HTTP/1.1 POST http://localhost:5215/hubs/loading/negotiate?negotiateVersion=1 - null 0
2026-05-19 10:33:54.555 +07:00 [INF] CORS policy execution successful.
2026-05-19 10:33:54.555 +07:00 [INF] CORS policy execution successful.
2026-05-19 10:33:54.555 +07:00 [INF] Request starting HTTP/1.1 GET http://localhost:5215/api/bays - null null
2026-05-19 10:33:54.555 +07:00 [INF] Executing endpoint 'SmartLoadBulk.API.Controllers.LoadingJobController.GetAllBays (SmartLoadBulk.API)'
2026-05-19 10:33:54.555 +07:00 [INF] Executing endpoint '/hubs/loading/negotiate'
2026-05-19 10:33:54.555 +07:00 [INF] Executing endpoint '/hubs/loading/negotiate'
2026-05-19 10:33:54.555 +07:00 [INF] Route matched with {action = "GetAllBays", controller = "LoadingJob"}. Executing controller action with signature System.Threading.Tasks.Task`1[Microsoft.AspNetCore.Mvc.ActionResult`1[SmartLoadBulk.Core.DTOs.Common.ApiResponse`1[System.Collections.Generic.List`1[SmartLoadBulk.Core.DTOs.Loading.BayStatusDto]]]] GetAllBays() on controller SmartLoadBulk.API.Controllers.LoadingJobController (SmartLoadBulk.API).
2026-05-19 10:33:54.555 +07:00 [INF] Executed endpoint '/hubs/loading/negotiate'
2026-05-19 10:33:54.555 +07:00 [INF] Executed endpoint '/hubs/loading/negotiate'
2026-05-19 10:33:54.555 +07:00 [INF] HTTP POST /hubs/loading/negotiate responded 200 in 0.6473 ms
2026-05-19 10:33:54.555 +07:00 [INF] HTTP POST /hubs/loading/negotiate responded 200 in 0.6351 ms
2026-05-19 10:33:54.555 +07:00 [INF] Request finished HTTP/1.1 POST http://localhost:5215/hubs/loading/negotiate?negotiateVersion=1 - 200 316 application/json 0.799ms
2026-05-19 10:33:54.555 +07:00 [INF] Request finished HTTP/1.1 POST http://localhost:5215/hubs/loading/negotiate?negotiateVersion=1 - 200 316 application/json 0.8054ms
2026-05-19 10:33:54.558 +07:00 [INF] Executed DbCommand (1ms) [Parameters=[], CommandType='"Text"', CommandTimeout='30']
SELECT [b].[BayId], [b].[BayCode], [b].[BayName], [b].[BayType], [b].[CurrentQueueId], [b].[IsActive], [b].[LastUpdatedAt], [b].[MaxCapacity], [b].[Status]
FROM [slb].[Bays] AS [b]
WHERE [b].[IsActive] = CAST(1 AS bit)
2026-05-19 10:33:54.560 +07:00 [INF] Executed DbCommand (1ms) [Parameters=[@__currentQueueId_0='?' (DbType = Guid)], CommandType='"Text"', CommandTimeout='30']
SELECT TOP(1) [l].[JobId], [l].[ActualWeight], [l].[BayId], [l].[CompletedAt], [l].[CreatedAt], [l].[CreatedBy], [l].[DriverId], [l].[FailReason], [l].[JobCode], [l].[OrderId], [l].[OrderItemId], [l].[ProductId], [l].[SiloId], [l].[StartedAt], [l].[Status], [l].[TargetWeight], [l].[TolerancePct], [l].[TruckId], [l].[UpdatedAt], [t].[TruckId], [t].[CompanyName], [t].[CreatedAt], [t].[IsActive], [t].[LicensePlate], [t].[MaxCapacity], [t].[TruckType], [t].[UpdatedAt], [d].[DriverId], [d].[CreatedAt], [d].[FullName], [d].[IsActive], [d].[LicenseExpiry], [d].[LicenseNo], [d].[Phone], [p].[ProductId], [p].[CreatedAt], [p].[CriticalStock], [p].[IsActive], [p].[MaxStock], [p].[MinStock], [p].[ProductCode], [p].[ProductName], [p].[Unit]
FROM [slb].[LoadJobs] AS [l]
INNER JOIN [slb].[Trucks] AS [t] ON [l].[TruckId] = [t].[TruckId]
INNER JOIN [slb].[Drivers] AS [d] ON [l].[DriverId] = [d].[DriverId]
INNER JOIN [slb].[Products] AS [p] ON [l].[ProductId] = [p].[ProductId]
WHERE [l].[Status] NOT IN (N'COMPLETED', N'FAILED', N'CANCELLED') AND EXISTS (
    SELECT 1
    FROM [slb].[LoadQueues] AS [l0]
    WHERE [l0].[QueueId] = @__currentQueueId_0 AND [l0].[OrderId] = [l].[OrderId])
2026-05-19 10:33:54.562 +07:00 [INF] Executed DbCommand (1ms) [Parameters=[@__currentQueueId_0='?' (DbType = Guid)], CommandType='"Text"', CommandTimeout='30']
SELECT TOP(1) [l].[JobId], [l].[ActualWeight], [l].[BayId], [l].[CompletedAt], [l].[CreatedAt], [l].[CreatedBy], [l].[DriverId], [l].[FailReason], [l].[JobCode], [l].[OrderId], [l].[OrderItemId], [l].[ProductId], [l].[SiloId], [l].[StartedAt], [l].[Status], [l].[TargetWeight], [l].[TolerancePct], [l].[TruckId], [l].[UpdatedAt], [t].[TruckId], [t].[CompanyName], [t].[CreatedAt], [t].[IsActive], [t].[LicensePlate], [t].[MaxCapacity], [t].[TruckType], [t].[UpdatedAt], [d].[DriverId], [d].[CreatedAt], [d].[FullName], [d].[IsActive], [d].[LicenseExpiry], [d].[LicenseNo], [d].[Phone], [p].[ProductId], [p].[CreatedAt], [p].[CriticalStock], [p].[IsActive], [p].[MaxStock], [p].[MinStock], [p].[ProductCode], [p].[ProductName], [p].[Unit]
FROM [slb].[LoadJobs] AS [l]
INNER JOIN [slb].[Trucks] AS [t] ON [l].[TruckId] = [t].[TruckId]
INNER JOIN [slb].[Drivers] AS [d] ON [l].[DriverId] = [d].[DriverId]
INNER JOIN [slb].[Products] AS [p] ON [l].[ProductId] = [p].[ProductId]
WHERE [l].[Status] NOT IN (N'COMPLETED', N'FAILED', N'CANCELLED') AND EXISTS (
    SELECT 1
    FROM [slb].[LoadQueues] AS [l0]
    WHERE [l0].[QueueId] = @__currentQueueId_0 AND [l0].[OrderId] = [l].[OrderId])
2026-05-19 10:33:54.562 +07:00 [INF] Executing OkObjectResult, writing value of type 'SmartLoadBulk.Core.DTOs.Common.ApiResponse`1[[System.Collections.Generic.List`1[[SmartLoadBulk.Core.DTOs.Loading.BayStatusDto, SmartLoadBulk.Core, Version=1.0.0.0, Culture=neutral, PublicKeyToken=null]], System.Private.CoreLib, Version=9.0.0.0, Culture=neutral, PublicKeyToken=7cec85d7bea7798e]]'.
2026-05-19 10:33:54.562 +07:00 [INF] Executed action SmartLoadBulk.API.Controllers.LoadingJobController.GetAllBays (SmartLoadBulk.API) in 7.2284ms
2026-05-19 10:33:54.562 +07:00 [INF] Executed endpoint 'SmartLoadBulk.API.Controllers.LoadingJobController.GetAllBays (SmartLoadBulk.API)'
2026-05-19 10:33:54.562 +07:00 [INF] HTTP GET /api/bays responded 200 in 7.5631 ms
2026-05-19 10:33:54.562 +07:00 [INF] Request finished HTTP/1.1 GET http://localhost:5215/api/bays - 200 null application/json; charset=utf-8 7.6772ms
2026-05-19 10:33:54.567 +07:00 [INF] Request starting HTTP/1.1 GET http://localhost:5215/hubs/loading?id=HOhrjeprRgMwcZh5Ld-zSw&access_token=eyJhbGciOiJIUzI1NiIsInR5cCI6IkpXVCJ9.eyJzdWIiOiJhMDAwMDAwMS0wMDAwLTAwMDAtMDAwMC0wMDAwMDAwMDAwMDEiLCJ1bmlxdWVfbmFtZSI6ImFkbWluIiwiaHR0cDovL3NjaGVtYXMubWljcm9zb2Z0LmNvbS93cy8yMDA4LzA2L2lkZW50aXR5L2NsYWltcy9yb2xlIjoiQURNSU4iLCJqdGkiOiI0NGQ3MzNkMy1kM2VhLTQ3MjktOTg4OS1kZGE5ZTFhNGM0ZmMiLCJleHAiOjE3NzkxOTA0MTgsImlzcyI6IlNtYXJ0TG9hZEJ1bGsuQVBJIiwiYXVkIjoiU21hcnRMb2FkQnVsay5DbGllbnQifQ.JC3TinZzok8yKvX-EUy10PuPHK5yvsyu95N_LfGwIjk - null null
2026-05-19 10:33:54.567 +07:00 [INF] CORS policy execution successful.
2026-05-19 10:33:54.567 +07:00 [INF] Executing endpoint '/hubs/loading'
2026-05-19 10:33:54.570 +07:00 [INF] Request starting HTTP/1.1 GET http://localhost:5215/api/bays - null null
2026-05-19 10:33:54.571 +07:00 [INF] Executing endpoint 'SmartLoadBulk.API.Controllers.LoadingJobController.GetAllBays (SmartLoadBulk.API)'
2026-05-19 10:33:54.571 +07:00 [INF] Route matched with {action = "GetAllBays", controller = "LoadingJob"}. Executing controller action with signature System.Threading.Tasks.Task`1[Microsoft.AspNetCore.Mvc.ActionResult`1[SmartLoadBulk.Core.DTOs.Common.ApiResponse`1[System.Collections.Generic.List`1[SmartLoadBulk.Core.DTOs.Loading.BayStatusDto]]]] GetAllBays() on controller SmartLoadBulk.API.Controllers.LoadingJobController (SmartLoadBulk.API).
2026-05-19 10:33:54.572 +07:00 [INF] Executed DbCommand (1ms) [Parameters=[], CommandType='"Text"', CommandTimeout='30']
SELECT [b].[BayId], [b].[BayCode], [b].[BayName], [b].[BayType], [b].[CurrentQueueId], [b].[IsActive], [b].[LastUpdatedAt], [b].[MaxCapacity], [b].[Status]
FROM [slb].[Bays] AS [b]
WHERE [b].[IsActive] = CAST(1 AS bit)
2026-05-19 10:33:54.574 +07:00 [INF] Executed DbCommand (1ms) [Parameters=[@__currentQueueId_0='?' (DbType = Guid)], CommandType='"Text"', CommandTimeout='30']
SELECT TOP(1) [l].[JobId], [l].[ActualWeight], [l].[BayId], [l].[CompletedAt], [l].[CreatedAt], [l].[CreatedBy], [l].[DriverId], [l].[FailReason], [l].[JobCode], [l].[OrderId], [l].[OrderItemId], [l].[ProductId], [l].[SiloId], [l].[StartedAt], [l].[Status], [l].[TargetWeight], [l].[TolerancePct], [l].[TruckId], [l].[UpdatedAt], [t].[TruckId], [t].[CompanyName], [t].[CreatedAt], [t].[IsActive], [t].[LicensePlate], [t].[MaxCapacity], [t].[TruckType], [t].[UpdatedAt], [d].[DriverId], [d].[CreatedAt], [d].[FullName], [d].[IsActive], [d].[LicenseExpiry], [d].[LicenseNo], [d].[Phone], [p].[ProductId], [p].[CreatedAt], [p].[CriticalStock], [p].[IsActive], [p].[MaxStock], [p].[MinStock], [p].[ProductCode], [p].[ProductName], [p].[Unit]
FROM [slb].[LoadJobs] AS [l]
INNER JOIN [slb].[Trucks] AS [t] ON [l].[TruckId] = [t].[TruckId]
INNER JOIN [slb].[Drivers] AS [d] ON [l].[DriverId] = [d].[DriverId]
INNER JOIN [slb].[Products] AS [p] ON [l].[ProductId] = [p].[ProductId]
WHERE [l].[Status] NOT IN (N'COMPLETED', N'FAILED', N'CANCELLED') AND EXISTS (
    SELECT 1
    FROM [slb].[LoadQueues] AS [l0]
    WHERE [l0].[QueueId] = @__currentQueueId_0 AND [l0].[OrderId] = [l].[OrderId])
2026-05-19 10:33:54.575 +07:00 [INF] Executed DbCommand (1ms) [Parameters=[@__currentQueueId_0='?' (DbType = Guid)], CommandType='"Text"', CommandTimeout='30']
SELECT TOP(1) [l].[JobId], [l].[ActualWeight], [l].[BayId], [l].[CompletedAt], [l].[CreatedAt], [l].[CreatedBy], [l].[DriverId], [l].[FailReason], [l].[JobCode], [l].[OrderId], [l].[OrderItemId], [l].[ProductId], [l].[SiloId], [l].[StartedAt], [l].[Status], [l].[TargetWeight], [l].[TolerancePct], [l].[TruckId], [l].[UpdatedAt], [t].[TruckId], [t].[CompanyName], [t].[CreatedAt], [t].[IsActive], [t].[LicensePlate], [t].[MaxCapacity], [t].[TruckType], [t].[UpdatedAt], [d].[DriverId], [d].[CreatedAt], [d].[FullName], [d].[IsActive], [d].[LicenseExpiry], [d].[LicenseNo], [d].[Phone], [p].[ProductId], [p].[CreatedAt], [p].[CriticalStock], [p].[IsActive], [p].[MaxStock], [p].[MinStock], [p].[ProductCode], [p].[ProductName], [p].[Unit]
FROM [slb].[LoadJobs] AS [l]
INNER JOIN [slb].[Trucks] AS [t] ON [l].[TruckId] = [t].[TruckId]
INNER JOIN [slb].[Drivers] AS [d] ON [l].[DriverId] = [d].[DriverId]
INNER JOIN [slb].[Products] AS [p] ON [l].[ProductId] = [p].[ProductId]
WHERE [l].[Status] NOT IN (N'COMPLETED', N'FAILED', N'CANCELLED') AND EXISTS (
    SELECT 1
    FROM [slb].[LoadQueues] AS [l0]
    WHERE [l0].[QueueId] = @__currentQueueId_0 AND [l0].[OrderId] = [l].[OrderId])
2026-05-19 10:33:54.575 +07:00 [INF] Executing OkObjectResult, writing value of type 'SmartLoadBulk.Core.DTOs.Common.ApiResponse`1[[System.Collections.Generic.List`1[[SmartLoadBulk.Core.DTOs.Loading.BayStatusDto, SmartLoadBulk.Core, Version=1.0.0.0, Culture=neutral, PublicKeyToken=null]], System.Private.CoreLib, Version=9.0.0.0, Culture=neutral, PublicKeyToken=7cec85d7bea7798e]]'.
2026-05-19 10:33:54.575 +07:00 [INF] Executed action SmartLoadBulk.API.Controllers.LoadingJobController.GetAllBays (SmartLoadBulk.API) in 4.2441ms
2026-05-19 10:33:54.575 +07:00 [INF] Executed endpoint 'SmartLoadBulk.API.Controllers.LoadingJobController.GetAllBays (SmartLoadBulk.API)'
2026-05-19 10:33:54.575 +07:00 [INF] HTTP GET /api/bays responded 200 in 4.6796 ms
2026-05-19 10:33:54.575 +07:00 [INF] Request finished HTTP/1.1 GET http://localhost:5215/api/bays - 200 null application/json; charset=utf-8 4.8458ms
2026-05-19 10:33:59.328 +07:00 [INF] Request starting HTTP/1.1 POST http://localhost:5215/hubs/loading/negotiate?negotiateVersion=1 - null 0
2026-05-19 10:33:59.329 +07:00 [INF] Request starting HTTP/1.1 GET http://localhost:5215/api/bays - null null
2026-05-19 10:33:59.328 +07:00 [INF] Request starting HTTP/1.1 POST http://localhost:5215/hubs/loading/negotiate?negotiateVersion=1 - null 0
2026-05-19 10:33:59.329 +07:00 [INF] CORS policy execution successful.
2026-05-19 10:33:59.329 +07:00 [INF] CORS policy execution successful.
2026-05-19 10:33:59.329 +07:00 [INF] Executing endpoint '/hubs/loading/negotiate'
2026-05-19 10:33:59.329 +07:00 [INF] Executing endpoint 'SmartLoadBulk.API.Controllers.LoadingJobController.GetAllBays (SmartLoadBulk.API)'
2026-05-19 10:33:59.329 +07:00 [INF] Executing endpoint '/hubs/loading/negotiate'
2026-05-19 10:33:59.329 +07:00 [INF] Route matched with {action = "GetAllBays", controller = "LoadingJob"}. Executing controller action with signature System.Threading.Tasks.Task`1[Microsoft.AspNetCore.Mvc.ActionResult`1[SmartLoadBulk.Core.DTOs.Common.ApiResponse`1[System.Collections.Generic.List`1[SmartLoadBulk.Core.DTOs.Loading.BayStatusDto]]]] GetAllBays() on controller SmartLoadBulk.API.Controllers.LoadingJobController (SmartLoadBulk.API).
2026-05-19 10:33:59.329 +07:00 [INF] Executed endpoint '/hubs/loading/negotiate'
2026-05-19 10:33:59.329 +07:00 [INF] HTTP POST /hubs/loading/negotiate responded 200 in 0.5690 ms
2026-05-19 10:33:59.329 +07:00 [INF] Request finished HTTP/1.1 POST http://localhost:5215/hubs/loading/negotiate?negotiateVersion=1 - 200 316 application/json 0.7374ms
2026-05-19 10:33:59.329 +07:00 [INF] Executed endpoint '/hubs/loading/negotiate'
2026-05-19 10:33:59.329 +07:00 [INF] HTTP POST /hubs/loading/negotiate responded 200 in 0.6323 ms
2026-05-19 10:33:59.329 +07:00 [INF] Request finished HTTP/1.1 POST http://localhost:5215/hubs/loading/negotiate?negotiateVersion=1 - 200 316 application/json 0.8274ms
2026-05-19 10:33:59.333 +07:00 [INF] Executed DbCommand (3ms) [Parameters=[], CommandType='"Text"', CommandTimeout='30']
SELECT [b].[BayId], [b].[BayCode], [b].[BayName], [b].[BayType], [b].[CurrentQueueId], [b].[IsActive], [b].[LastUpdatedAt], [b].[MaxCapacity], [b].[Status]
FROM [slb].[Bays] AS [b]
WHERE [b].[IsActive] = CAST(1 AS bit)
2026-05-19 10:33:59.344 +07:00 [INF] Request starting HTTP/1.1 GET http://localhost:5215/hubs/loading?id=pdxZBgxKo5soCOxKvsGEaw&access_token=eyJhbGciOiJIUzI1NiIsInR5cCI6IkpXVCJ9.eyJzdWIiOiJhMDAwMDAwMS0wMDAwLTAwMDAtMDAwMC0wMDAwMDAwMDAwMDEiLCJ1bmlxdWVfbmFtZSI6ImFkbWluIiwiaHR0cDovL3NjaGVtYXMubWljcm9zb2Z0LmNvbS93cy8yMDA4LzA2L2lkZW50aXR5L2NsYWltcy9yb2xlIjoiQURNSU4iLCJqdGkiOiI0NGQ3MzNkMy1kM2VhLTQ3MjktOTg4OS1kZGE5ZTFhNGM0ZmMiLCJleHAiOjE3NzkxOTA0MTgsImlzcyI6IlNtYXJ0TG9hZEJ1bGsuQVBJIiwiYXVkIjoiU21hcnRMb2FkQnVsay5DbGllbnQifQ.JC3TinZzok8yKvX-EUy10PuPHK5yvsyu95N_LfGwIjk - null null
2026-05-19 10:33:59.344 +07:00 [INF] CORS policy execution successful.
2026-05-19 10:33:59.345 +07:00 [INF] Executing endpoint '/hubs/loading'
2026-05-19 10:33:59.358 +07:00 [INF] Executed DbCommand (23ms) [Parameters=[@__currentQueueId_0='?' (DbType = Guid)], CommandType='"Text"', CommandTimeout='30']
SELECT TOP(1) [l].[JobId], [l].[ActualWeight], [l].[BayId], [l].[CompletedAt], [l].[CreatedAt], [l].[CreatedBy], [l].[DriverId], [l].[FailReason], [l].[JobCode], [l].[OrderId], [l].[OrderItemId], [l].[ProductId], [l].[SiloId], [l].[StartedAt], [l].[Status], [l].[TargetWeight], [l].[TolerancePct], [l].[TruckId], [l].[UpdatedAt], [t].[TruckId], [t].[CompanyName], [t].[CreatedAt], [t].[IsActive], [t].[LicensePlate], [t].[MaxCapacity], [t].[TruckType], [t].[UpdatedAt], [d].[DriverId], [d].[CreatedAt], [d].[FullName], [d].[IsActive], [d].[LicenseExpiry], [d].[LicenseNo], [d].[Phone], [p].[ProductId], [p].[CreatedAt], [p].[CriticalStock], [p].[IsActive], [p].[MaxStock], [p].[MinStock], [p].[ProductCode], [p].[ProductName], [p].[Unit]
FROM [slb].[LoadJobs] AS [l]
INNER JOIN [slb].[Trucks] AS [t] ON [l].[TruckId] = [t].[TruckId]
INNER JOIN [slb].[Drivers] AS [d] ON [l].[DriverId] = [d].[DriverId]
INNER JOIN [slb].[Products] AS [p] ON [l].[ProductId] = [p].[ProductId]
WHERE [l].[Status] NOT IN (N'COMPLETED', N'FAILED', N'CANCELLED') AND EXISTS (
    SELECT 1
    FROM [slb].[LoadQueues] AS [l0]
    WHERE [l0].[QueueId] = @__currentQueueId_0 AND [l0].[OrderId] = [l].[OrderId])
2026-05-19 10:33:59.359 +07:00 [INF] Executed DbCommand (1ms) [Parameters=[@__currentQueueId_0='?' (DbType = Guid)], CommandType='"Text"', CommandTimeout='30']
SELECT TOP(1) [l].[JobId], [l].[ActualWeight], [l].[BayId], [l].[CompletedAt], [l].[CreatedAt], [l].[CreatedBy], [l].[DriverId], [l].[FailReason], [l].[JobCode], [l].[OrderId], [l].[OrderItemId], [l].[ProductId], [l].[SiloId], [l].[StartedAt], [l].[Status], [l].[TargetWeight], [l].[TolerancePct], [l].[TruckId], [l].[UpdatedAt], [t].[TruckId], [t].[CompanyName], [t].[CreatedAt], [t].[IsActive], [t].[LicensePlate], [t].[MaxCapacity], [t].[TruckType], [t].[UpdatedAt], [d].[DriverId], [d].[CreatedAt], [d].[FullName], [d].[IsActive], [d].[LicenseExpiry], [d].[LicenseNo], [d].[Phone], [p].[ProductId], [p].[CreatedAt], [p].[CriticalStock], [p].[IsActive], [p].[MaxStock], [p].[MinStock], [p].[ProductCode], [p].[ProductName], [p].[Unit]
FROM [slb].[LoadJobs] AS [l]
INNER JOIN [slb].[Trucks] AS [t] ON [l].[TruckId] = [t].[TruckId]
INNER JOIN [slb].[Drivers] AS [d] ON [l].[DriverId] = [d].[DriverId]
INNER JOIN [slb].[Products] AS [p] ON [l].[ProductId] = [p].[ProductId]
WHERE [l].[Status] NOT IN (N'COMPLETED', N'FAILED', N'CANCELLED') AND EXISTS (
    SELECT 1
    FROM [slb].[LoadQueues] AS [l0]
    WHERE [l0].[QueueId] = @__currentQueueId_0 AND [l0].[OrderId] = [l].[OrderId])
2026-05-19 10:33:59.360 +07:00 [INF] Executing OkObjectResult, writing value of type 'SmartLoadBulk.Core.DTOs.Common.ApiResponse`1[[System.Collections.Generic.List`1[[SmartLoadBulk.Core.DTOs.Loading.BayStatusDto, SmartLoadBulk.Core, Version=1.0.0.0, Culture=neutral, PublicKeyToken=null]], System.Private.CoreLib, Version=9.0.0.0, Culture=neutral, PublicKeyToken=7cec85d7bea7798e]]'.
2026-05-19 10:33:59.360 +07:00 [INF] Executed action SmartLoadBulk.API.Controllers.LoadingJobController.GetAllBays (SmartLoadBulk.API) in 30.8004ms
2026-05-19 10:33:59.360 +07:00 [INF] Executed endpoint 'SmartLoadBulk.API.Controllers.LoadingJobController.GetAllBays (SmartLoadBulk.API)'
2026-05-19 10:33:59.360 +07:00 [INF] HTTP GET /api/bays responded 200 in 31.4171 ms
2026-05-19 10:33:59.360 +07:00 [INF] Request finished HTTP/1.1 GET http://localhost:5215/api/bays - 200 null application/json; charset=utf-8 31.5573ms
2026-05-19 10:33:59.369 +07:00 [INF] Request starting HTTP/1.1 GET http://localhost:5215/api/bays - null null
2026-05-19 10:33:59.370 +07:00 [INF] Executing endpoint 'SmartLoadBulk.API.Controllers.LoadingJobController.GetAllBays (SmartLoadBulk.API)'
2026-05-19 10:33:59.370 +07:00 [INF] Route matched with {action = "GetAllBays", controller = "LoadingJob"}. Executing controller action with signature System.Threading.Tasks.Task`1[Microsoft.AspNetCore.Mvc.ActionResult`1[SmartLoadBulk.Core.DTOs.Common.ApiResponse`1[System.Collections.Generic.List`1[SmartLoadBulk.Core.DTOs.Loading.BayStatusDto]]]] GetAllBays() on controller SmartLoadBulk.API.Controllers.LoadingJobController (SmartLoadBulk.API).
2026-05-19 10:33:59.371 +07:00 [INF] Executed DbCommand (1ms) [Parameters=[], CommandType='"Text"', CommandTimeout='30']
SELECT [b].[BayId], [b].[BayCode], [b].[BayName], [b].[BayType], [b].[CurrentQueueId], [b].[IsActive], [b].[LastUpdatedAt], [b].[MaxCapacity], [b].[Status]
FROM [slb].[Bays] AS [b]
WHERE [b].[IsActive] = CAST(1 AS bit)
2026-05-19 10:33:59.372 +07:00 [INF] Executed DbCommand (1ms) [Parameters=[@__currentQueueId_0='?' (DbType = Guid)], CommandType='"Text"', CommandTimeout='30']
SELECT TOP(1) [l].[JobId], [l].[ActualWeight], [l].[BayId], [l].[CompletedAt], [l].[CreatedAt], [l].[CreatedBy], [l].[DriverId], [l].[FailReason], [l].[JobCode], [l].[OrderId], [l].[OrderItemId], [l].[ProductId], [l].[SiloId], [l].[StartedAt], [l].[Status], [l].[TargetWeight], [l].[TolerancePct], [l].[TruckId], [l].[UpdatedAt], [t].[TruckId], [t].[CompanyName], [t].[CreatedAt], [t].[IsActive], [t].[LicensePlate], [t].[MaxCapacity], [t].[TruckType], [t].[UpdatedAt], [d].[DriverId], [d].[CreatedAt], [d].[FullName], [d].[IsActive], [d].[LicenseExpiry], [d].[LicenseNo], [d].[Phone], [p].[ProductId], [p].[CreatedAt], [p].[CriticalStock], [p].[IsActive], [p].[MaxStock], [p].[MinStock], [p].[ProductCode], [p].[ProductName], [p].[Unit]
FROM [slb].[LoadJobs] AS [l]
INNER JOIN [slb].[Trucks] AS [t] ON [l].[TruckId] = [t].[TruckId]
INNER JOIN [slb].[Drivers] AS [d] ON [l].[DriverId] = [d].[DriverId]
INNER JOIN [slb].[Products] AS [p] ON [l].[ProductId] = [p].[ProductId]
WHERE [l].[Status] NOT IN (N'COMPLETED', N'FAILED', N'CANCELLED') AND EXISTS (
    SELECT 1
    FROM [slb].[LoadQueues] AS [l0]
    WHERE [l0].[QueueId] = @__currentQueueId_0 AND [l0].[OrderId] = [l].[OrderId])
2026-05-19 10:33:59.377 +07:00 [INF] Executed DbCommand (4ms) [Parameters=[@__currentQueueId_0='?' (DbType = Guid)], CommandType='"Text"', CommandTimeout='30']
SELECT TOP(1) [l].[JobId], [l].[ActualWeight], [l].[BayId], [l].[CompletedAt], [l].[CreatedAt], [l].[CreatedBy], [l].[DriverId], [l].[FailReason], [l].[JobCode], [l].[OrderId], [l].[OrderItemId], [l].[ProductId], [l].[SiloId], [l].[StartedAt], [l].[Status], [l].[TargetWeight], [l].[TolerancePct], [l].[TruckId], [l].[UpdatedAt], [t].[TruckId], [t].[CompanyName], [t].[CreatedAt], [t].[IsActive], [t].[LicensePlate], [t].[MaxCapacity], [t].[TruckType], [t].[UpdatedAt], [d].[DriverId], [d].[CreatedAt], [d].[FullName], [d].[IsActive], [d].[LicenseExpiry], [d].[LicenseNo], [d].[Phone], [p].[ProductId], [p].[CreatedAt], [p].[CriticalStock], [p].[IsActive], [p].[MaxStock], [p].[MinStock], [p].[ProductCode], [p].[ProductName], [p].[Unit]
FROM [slb].[LoadJobs] AS [l]
INNER JOIN [slb].[Trucks] AS [t] ON [l].[TruckId] = [t].[TruckId]
INNER JOIN [slb].[Drivers] AS [d] ON [l].[DriverId] = [d].[DriverId]
INNER JOIN [slb].[Products] AS [p] ON [l].[ProductId] = [p].[ProductId]
WHERE [l].[Status] NOT IN (N'COMPLETED', N'FAILED', N'CANCELLED') AND EXISTS (
    SELECT 1
    FROM [slb].[LoadQueues] AS [l0]
    WHERE [l0].[QueueId] = @__currentQueueId_0 AND [l0].[OrderId] = [l].[OrderId])
2026-05-19 10:33:59.378 +07:00 [INF] Executing OkObjectResult, writing value of type 'SmartLoadBulk.Core.DTOs.Common.ApiResponse`1[[System.Collections.Generic.List`1[[SmartLoadBulk.Core.DTOs.Loading.BayStatusDto, SmartLoadBulk.Core, Version=1.0.0.0, Culture=neutral, PublicKeyToken=null]], System.Private.CoreLib, Version=9.0.0.0, Culture=neutral, PublicKeyToken=7cec85d7bea7798e]]'.
2026-05-19 10:33:59.378 +07:00 [INF] Executed action SmartLoadBulk.API.Controllers.LoadingJobController.GetAllBays (SmartLoadBulk.API) in 7.7753ms
2026-05-19 10:33:59.378 +07:00 [INF] Executed endpoint 'SmartLoadBulk.API.Controllers.LoadingJobController.GetAllBays (SmartLoadBulk.API)'
2026-05-19 10:33:59.378 +07:00 [INF] HTTP GET /api/bays responded 200 in 8.2291 ms
2026-05-19 10:33:59.378 +07:00 [INF] Request finished HTTP/1.1 GET http://localhost:5215/api/bays - 200 null application/json; charset=utf-8 8.4389ms
2026-05-19 10:34:02.655 +07:00 [INF] Executed endpoint '/hubs/loading'
2026-05-19 10:34:02.655 +07:00 [INF] HTTP GET /hubs/loading responded 101 in 3310.4068 ms
2026-05-19 10:34:02.655 +07:00 [INF] Request finished HTTP/1.1 GET http://localhost:5215/hubs/loading?id=pdxZBgxKo5soCOxKvsGEaw&access_token=eyJhbGciOiJIUzI1NiIsInR5cCI6IkpXVCJ9.eyJzdWIiOiJhMDAwMDAwMS0wMDAwLTAwMDAtMDAwMC0wMDAwMDAwMDAwMDEiLCJ1bmlxdWVfbmFtZSI6ImFkbWluIiwiaHR0cDovL3NjaGVtYXMubWljcm9zb2Z0LmNvbS93cy8yMDA4LzA2L2lkZW50aXR5L2NsYWltcy9yb2xlIjoiQURNSU4iLCJqdGkiOiI0NGQ3MzNkMy1kM2VhLTQ3MjktOTg4OS1kZGE5ZTFhNGM0ZmMiLCJleHAiOjE3NzkxOTA0MTgsImlzcyI6IlNtYXJ0TG9hZEJ1bGsuQVBJIiwiYXVkIjoiU21hcnRMb2FkQnVsay5DbGllbnQifQ.JC3TinZzok8yKvX-EUy10PuPHK5yvsyu95N_LfGwIjk - 101 null null 3310.5649ms
2026-05-19 10:34:03.934 +07:00 [INF] Executed endpoint '/hubs/loading'
2026-05-19 10:34:03.935 +07:00 [INF] HTTP GET /hubs/loading responded 101 in 9367.8525 ms
2026-05-19 10:34:03.935 +07:00 [INF] Request finished HTTP/1.1 GET http://localhost:5215/hubs/loading?id=HOhrjeprRgMwcZh5Ld-zSw&access_token=eyJhbGciOiJIUzI1NiIsInR5cCI6IkpXVCJ9.eyJzdWIiOiJhMDAwMDAwMS0wMDAwLTAwMDAtMDAwMC0wMDAwMDAwMDAwMDEiLCJ1bmlxdWVfbmFtZSI6ImFkbWluIiwiaHR0cDovL3NjaGVtYXMubWljcm9zb2Z0LmNvbS93cy8yMDA4LzA2L2lkZW50aXR5L2NsYWltcy9yb2xlIjoiQURNSU4iLCJqdGkiOiI0NGQ3MzNkMy1kM2VhLTQ3MjktOTg4OS1kZGE5ZTFhNGM0ZmMiLCJleHAiOjE3NzkxOTA0MTgsImlzcyI6IlNtYXJ0TG9hZEJ1bGsuQVBJIiwiYXVkIjoiU21hcnRMb2FkQnVsay5DbGllbnQifQ.JC3TinZzok8yKvX-EUy10PuPHK5yvsyu95N_LfGwIjk - 101 null null 9368.091ms
2026-05-19 10:34:04.826 +07:00 [INF] Request starting HTTP/1.1 POST http://localhost:5215/hubs/loading/negotiate?negotiateVersion=1 - null 0
2026-05-19 10:34:04.826 +07:00 [INF] CORS policy execution successful.
2026-05-19 10:34:04.826 +07:00 [INF] Request starting HTTP/1.1 POST http://localhost:5215/hubs/loading/negotiate?negotiateVersion=1 - null 0
2026-05-19 10:34:04.826 +07:00 [INF] CORS policy execution successful.
2026-05-19 10:34:04.826 +07:00 [INF] Executing endpoint '/hubs/loading/negotiate'
2026-05-19 10:34:04.826 +07:00 [INF] Executing endpoint '/hubs/loading/negotiate'
2026-05-19 10:34:04.826 +07:00 [INF] Executed endpoint '/hubs/loading/negotiate'
2026-05-19 10:34:04.826 +07:00 [INF] Executed endpoint '/hubs/loading/negotiate'
2026-05-19 10:34:04.826 +07:00 [INF] HTTP POST /hubs/loading/negotiate responded 200 in 0.6208 ms
2026-05-19 10:34:04.826 +07:00 [INF] HTTP POST /hubs/loading/negotiate responded 200 in 0.5081 ms
2026-05-19 10:34:04.826 +07:00 [INF] Request finished HTTP/1.1 POST http://localhost:5215/hubs/loading/negotiate?negotiateVersion=1 - 200 316 application/json 0.7375ms
2026-05-19 10:34:04.826 +07:00 [INF] Request finished HTTP/1.1 POST http://localhost:5215/hubs/loading/negotiate?negotiateVersion=1 - 200 316 application/json 0.5786ms
2026-05-19 10:34:04.827 +07:00 [INF] Request starting HTTP/1.1 GET http://localhost:5215/api/bays - null null
2026-05-19 10:34:04.827 +07:00 [INF] Executing endpoint 'SmartLoadBulk.API.Controllers.LoadingJobController.GetAllBays (SmartLoadBulk.API)'
2026-05-19 10:34:04.827 +07:00 [INF] Route matched with {action = "GetAllBays", controller = "LoadingJob"}. Executing controller action with signature System.Threading.Tasks.Task`1[Microsoft.AspNetCore.Mvc.ActionResult`1[SmartLoadBulk.Core.DTOs.Common.ApiResponse`1[System.Collections.Generic.List`1[SmartLoadBulk.Core.DTOs.Loading.BayStatusDto]]]] GetAllBays() on controller SmartLoadBulk.API.Controllers.LoadingJobController (SmartLoadBulk.API).
2026-05-19 10:34:04.831 +07:00 [INF] Executed DbCommand (3ms) [Parameters=[], CommandType='"Text"', CommandTimeout='30']
SELECT [b].[BayId], [b].[BayCode], [b].[BayName], [b].[BayType], [b].[CurrentQueueId], [b].[IsActive], [b].[LastUpdatedAt], [b].[MaxCapacity], [b].[Status]
FROM [slb].[Bays] AS [b]
WHERE [b].[IsActive] = CAST(1 AS bit)
2026-05-19 10:34:04.836 +07:00 [INF] Request starting HTTP/1.1 GET http://localhost:5215/hubs/loading?id=x88X7ZpXm9TpfMGxXYl3AQ&access_token=eyJhbGciOiJIUzI1NiIsInR5cCI6IkpXVCJ9.eyJzdWIiOiJhMDAwMDAwMS0wMDAwLTAwMDAtMDAwMC0wMDAwMDAwMDAwMDEiLCJ1bmlxdWVfbmFtZSI6ImFkbWluIiwiaHR0cDovL3NjaGVtYXMubWljcm9zb2Z0LmNvbS93cy8yMDA4LzA2L2lkZW50aXR5L2NsYWltcy9yb2xlIjoiQURNSU4iLCJqdGkiOiI0NGQ3MzNkMy1kM2VhLTQ3MjktOTg4OS1kZGE5ZTFhNGM0ZmMiLCJleHAiOjE3NzkxOTA0MTgsImlzcyI6IlNtYXJ0TG9hZEJ1bGsuQVBJIiwiYXVkIjoiU21hcnRMb2FkQnVsay5DbGllbnQifQ.JC3TinZzok8yKvX-EUy10PuPHK5yvsyu95N_LfGwIjk - null null
2026-05-19 10:34:04.836 +07:00 [INF] CORS policy execution successful.
2026-05-19 10:34:04.837 +07:00 [INF] Executing endpoint '/hubs/loading'
2026-05-19 10:34:04.854 +07:00 [INF] Executed DbCommand (22ms) [Parameters=[@__currentQueueId_0='?' (DbType = Guid)], CommandType='"Text"', CommandTimeout='30']
SELECT TOP(1) [l].[JobId], [l].[ActualWeight], [l].[BayId], [l].[CompletedAt], [l].[CreatedAt], [l].[CreatedBy], [l].[DriverId], [l].[FailReason], [l].[JobCode], [l].[OrderId], [l].[OrderItemId], [l].[ProductId], [l].[SiloId], [l].[StartedAt], [l].[Status], [l].[TargetWeight], [l].[TolerancePct], [l].[TruckId], [l].[UpdatedAt], [t].[TruckId], [t].[CompanyName], [t].[CreatedAt], [t].[IsActive], [t].[LicensePlate], [t].[MaxCapacity], [t].[TruckType], [t].[UpdatedAt], [d].[DriverId], [d].[CreatedAt], [d].[FullName], [d].[IsActive], [d].[LicenseExpiry], [d].[LicenseNo], [d].[Phone], [p].[ProductId], [p].[CreatedAt], [p].[CriticalStock], [p].[IsActive], [p].[MaxStock], [p].[MinStock], [p].[ProductCode], [p].[ProductName], [p].[Unit]
FROM [slb].[LoadJobs] AS [l]
INNER JOIN [slb].[Trucks] AS [t] ON [l].[TruckId] = [t].[TruckId]
INNER JOIN [slb].[Drivers] AS [d] ON [l].[DriverId] = [d].[DriverId]
INNER JOIN [slb].[Products] AS [p] ON [l].[ProductId] = [p].[ProductId]
WHERE [l].[Status] NOT IN (N'COMPLETED', N'FAILED', N'CANCELLED') AND EXISTS (
    SELECT 1
    FROM [slb].[LoadQueues] AS [l0]
    WHERE [l0].[QueueId] = @__currentQueueId_0 AND [l0].[OrderId] = [l].[OrderId])
2026-05-19 10:34:04.855 +07:00 [INF] Executed DbCommand (1ms) [Parameters=[@__currentQueueId_0='?' (DbType = Guid)], CommandType='"Text"', CommandTimeout='30']
SELECT TOP(1) [l].[JobId], [l].[ActualWeight], [l].[BayId], [l].[CompletedAt], [l].[CreatedAt], [l].[CreatedBy], [l].[DriverId], [l].[FailReason], [l].[JobCode], [l].[OrderId], [l].[OrderItemId], [l].[ProductId], [l].[SiloId], [l].[StartedAt], [l].[Status], [l].[TargetWeight], [l].[TolerancePct], [l].[TruckId], [l].[UpdatedAt], [t].[TruckId], [t].[CompanyName], [t].[CreatedAt], [t].[IsActive], [t].[LicensePlate], [t].[MaxCapacity], [t].[TruckType], [t].[UpdatedAt], [d].[DriverId], [d].[CreatedAt], [d].[FullName], [d].[IsActive], [d].[LicenseExpiry], [d].[LicenseNo], [d].[Phone], [p].[ProductId], [p].[CreatedAt], [p].[CriticalStock], [p].[IsActive], [p].[MaxStock], [p].[MinStock], [p].[ProductCode], [p].[ProductName], [p].[Unit]
FROM [slb].[LoadJobs] AS [l]
INNER JOIN [slb].[Trucks] AS [t] ON [l].[TruckId] = [t].[TruckId]
INNER JOIN [slb].[Drivers] AS [d] ON [l].[DriverId] = [d].[DriverId]
INNER JOIN [slb].[Products] AS [p] ON [l].[ProductId] = [p].[ProductId]
WHERE [l].[Status] NOT IN (N'COMPLETED', N'FAILED', N'CANCELLED') AND EXISTS (
    SELECT 1
    FROM [slb].[LoadQueues] AS [l0]
    WHERE [l0].[QueueId] = @__currentQueueId_0 AND [l0].[OrderId] = [l].[OrderId])
2026-05-19 10:34:04.856 +07:00 [INF] Executing OkObjectResult, writing value of type 'SmartLoadBulk.Core.DTOs.Common.ApiResponse`1[[System.Collections.Generic.List`1[[SmartLoadBulk.Core.DTOs.Loading.BayStatusDto, SmartLoadBulk.Core, Version=1.0.0.0, Culture=neutral, PublicKeyToken=null]], System.Private.CoreLib, Version=9.0.0.0, Culture=neutral, PublicKeyToken=7cec85d7bea7798e]]'.
2026-05-19 10:34:04.856 +07:00 [INF] Executed action SmartLoadBulk.API.Controllers.LoadingJobController.GetAllBays (SmartLoadBulk.API) in 28.5662ms
2026-05-19 10:34:04.856 +07:00 [INF] Executed endpoint 'SmartLoadBulk.API.Controllers.LoadingJobController.GetAllBays (SmartLoadBulk.API)'
2026-05-19 10:34:04.856 +07:00 [INF] HTTP GET /api/bays responded 200 in 28.9249 ms
2026-05-19 10:34:04.856 +07:00 [INF] Request finished HTTP/1.1 GET http://localhost:5215/api/bays - 200 null application/json; charset=utf-8 29.0186ms
2026-05-19 10:34:04.866 +07:00 [INF] Request starting HTTP/1.1 GET http://localhost:5215/api/bays - null null
2026-05-19 10:34:04.866 +07:00 [INF] Executing endpoint 'SmartLoadBulk.API.Controllers.LoadingJobController.GetAllBays (SmartLoadBulk.API)'
2026-05-19 10:34:04.866 +07:00 [INF] Route matched with {action = "GetAllBays", controller = "LoadingJob"}. Executing controller action with signature System.Threading.Tasks.Task`1[Microsoft.AspNetCore.Mvc.ActionResult`1[SmartLoadBulk.Core.DTOs.Common.ApiResponse`1[System.Collections.Generic.List`1[SmartLoadBulk.Core.DTOs.Loading.BayStatusDto]]]] GetAllBays() on controller SmartLoadBulk.API.Controllers.LoadingJobController (SmartLoadBulk.API).
2026-05-19 10:34:04.867 +07:00 [INF] Executed DbCommand (1ms) [Parameters=[], CommandType='"Text"', CommandTimeout='30']
SELECT [b].[BayId], [b].[BayCode], [b].[BayName], [b].[BayType], [b].[CurrentQueueId], [b].[IsActive], [b].[LastUpdatedAt], [b].[MaxCapacity], [b].[Status]
FROM [slb].[Bays] AS [b]
WHERE [b].[IsActive] = CAST(1 AS bit)
2026-05-19 10:34:04.868 +07:00 [INF] Executed DbCommand (1ms) [Parameters=[@__currentQueueId_0='?' (DbType = Guid)], CommandType='"Text"', CommandTimeout='30']
SELECT TOP(1) [l].[JobId], [l].[ActualWeight], [l].[BayId], [l].[CompletedAt], [l].[CreatedAt], [l].[CreatedBy], [l].[DriverId], [l].[FailReason], [l].[JobCode], [l].[OrderId], [l].[OrderItemId], [l].[ProductId], [l].[SiloId], [l].[StartedAt], [l].[Status], [l].[TargetWeight], [l].[TolerancePct], [l].[TruckId], [l].[UpdatedAt], [t].[TruckId], [t].[CompanyName], [t].[CreatedAt], [t].[IsActive], [t].[LicensePlate], [t].[MaxCapacity], [t].[TruckType], [t].[UpdatedAt], [d].[DriverId], [d].[CreatedAt], [d].[FullName], [d].[IsActive], [d].[LicenseExpiry], [d].[LicenseNo], [d].[Phone], [p].[ProductId], [p].[CreatedAt], [p].[CriticalStock], [p].[IsActive], [p].[MaxStock], [p].[MinStock], [p].[ProductCode], [p].[ProductName], [p].[Unit]
FROM [slb].[LoadJobs] AS [l]
INNER JOIN [slb].[Trucks] AS [t] ON [l].[TruckId] = [t].[TruckId]
INNER JOIN [slb].[Drivers] AS [d] ON [l].[DriverId] = [d].[DriverId]
INNER JOIN [slb].[Products] AS [p] ON [l].[ProductId] = [p].[ProductId]
WHERE [l].[Status] NOT IN (N'COMPLETED', N'FAILED', N'CANCELLED') AND EXISTS (
    SELECT 1
    FROM [slb].[LoadQueues] AS [l0]
    WHERE [l0].[QueueId] = @__currentQueueId_0 AND [l0].[OrderId] = [l].[OrderId])
2026-05-19 10:34:04.869 +07:00 [INF] Executed DbCommand (0ms) [Parameters=[@__currentQueueId_0='?' (DbType = Guid)], CommandType='"Text"', CommandTimeout='30']
SELECT TOP(1) [l].[JobId], [l].[ActualWeight], [l].[BayId], [l].[CompletedAt], [l].[CreatedAt], [l].[CreatedBy], [l].[DriverId], [l].[FailReason], [l].[JobCode], [l].[OrderId], [l].[OrderItemId], [l].[ProductId], [l].[SiloId], [l].[StartedAt], [l].[Status], [l].[TargetWeight], [l].[TolerancePct], [l].[TruckId], [l].[UpdatedAt], [t].[TruckId], [t].[CompanyName], [t].[CreatedAt], [t].[IsActive], [t].[LicensePlate], [t].[MaxCapacity], [t].[TruckType], [t].[UpdatedAt], [d].[DriverId], [d].[CreatedAt], [d].[FullName], [d].[IsActive], [d].[LicenseExpiry], [d].[LicenseNo], [d].[Phone], [p].[ProductId], [p].[CreatedAt], [p].[CriticalStock], [p].[IsActive], [p].[MaxStock], [p].[MinStock], [p].[ProductCode], [p].[ProductName], [p].[Unit]
FROM [slb].[LoadJobs] AS [l]
INNER JOIN [slb].[Trucks] AS [t] ON [l].[TruckId] = [t].[TruckId]
INNER JOIN [slb].[Drivers] AS [d] ON [l].[DriverId] = [d].[DriverId]
INNER JOIN [slb].[Products] AS [p] ON [l].[ProductId] = [p].[ProductId]
WHERE [l].[Status] NOT IN (N'COMPLETED', N'FAILED', N'CANCELLED') AND EXISTS (
    SELECT 1
    FROM [slb].[LoadQueues] AS [l0]
    WHERE [l0].[QueueId] = @__currentQueueId_0 AND [l0].[OrderId] = [l].[OrderId])
2026-05-19 10:34:04.869 +07:00 [INF] Executing OkObjectResult, writing value of type 'SmartLoadBulk.Core.DTOs.Common.ApiResponse`1[[System.Collections.Generic.List`1[[SmartLoadBulk.Core.DTOs.Loading.BayStatusDto, SmartLoadBulk.Core, Version=1.0.0.0, Culture=neutral, PublicKeyToken=null]], System.Private.CoreLib, Version=9.0.0.0, Culture=neutral, PublicKeyToken=7cec85d7bea7798e]]'.
2026-05-19 10:34:04.870 +07:00 [INF] Executed action SmartLoadBulk.API.Controllers.LoadingJobController.GetAllBays (SmartLoadBulk.API) in 3.5306ms
2026-05-19 10:34:04.870 +07:00 [INF] Executed endpoint 'SmartLoadBulk.API.Controllers.LoadingJobController.GetAllBays (SmartLoadBulk.API)'
2026-05-19 10:34:04.870 +07:00 [INF] HTTP GET /api/bays responded 200 in 3.9332 ms
2026-05-19 10:34:04.870 +07:00 [INF] Request finished HTTP/1.1 GET http://localhost:5215/api/bays - 200 null application/json; charset=utf-8 4.0725ms
2026-05-19 10:34:11.303 +07:00 [INF] Executed endpoint '/hubs/loading'
2026-05-19 10:34:11.304 +07:00 [INF] HTTP GET /hubs/loading responded 101 in 6467.2207 ms
2026-05-19 10:34:11.304 +07:00 [INF] Request finished HTTP/1.1 GET http://localhost:5215/hubs/loading?id=x88X7ZpXm9TpfMGxXYl3AQ&access_token=eyJhbGciOiJIUzI1NiIsInR5cCI6IkpXVCJ9.eyJzdWIiOiJhMDAwMDAwMS0wMDAwLTAwMDAtMDAwMC0wMDAwMDAwMDAwMDEiLCJ1bmlxdWVfbmFtZSI6ImFkbWluIiwiaHR0cDovL3NjaGVtYXMubWljcm9zb2Z0LmNvbS93cy8yMDA4LzA2L2lkZW50aXR5L2NsYWltcy9yb2xlIjoiQURNSU4iLCJqdGkiOiI0NGQ3MzNkMy1kM2VhLTQ3MjktOTg4OS1kZGE5ZTFhNGM0ZmMiLCJleHAiOjE3NzkxOTA0MTgsImlzcyI6IlNtYXJ0TG9hZEJ1bGsuQVBJIiwiYXVkIjoiU21hcnRMb2FkQnVsay5DbGllbnQifQ.JC3TinZzok8yKvX-EUy10PuPHK5yvsyu95N_LfGwIjk - 101 null null 6467.4976ms
2026-05-19 10:34:13.823 +07:00 [INF] Request starting HTTP/1.1 GET http://localhost:5215/api/hardware - null null
2026-05-19 10:34:13.823 +07:00 [INF] Executing endpoint 'SmartLoadBulk.API.Controllers.HardwareDeviceController.GetAll (SmartLoadBulk.API)'
2026-05-19 10:34:13.826 +07:00 [INF] Route matched with {action = "GetAll", controller = "HardwareDevice"}. Executing controller action with signature System.Threading.Tasks.Task`1[Microsoft.AspNetCore.Mvc.ActionResult`1[SmartLoadBulk.Core.DTOs.Common.ApiResponse`1[System.Collections.Generic.List`1[SmartLoadBulk.Core.DTOs.Hardware.HardwareDeviceDto]]]] GetAll() on controller SmartLoadBulk.API.Controllers.HardwareDeviceController (SmartLoadBulk.API).
2026-05-19 10:34:13.846 +07:00 [INF] Executed DbCommand (6ms) [Parameters=[], CommandType='"Text"', CommandTimeout='30']
SELECT [h].[DeviceId], [h].[DeviceCode], [h].[DeviceName], [h].[DeviceType], [h].[Protocol], COALESCE([h].[IpAddress], N''), COALESCE([h].[Port], 0), [h].[Status], [h].[LastHeartbeat]
FROM [slb].[HardwareDevices] AS [h]
2026-05-19 10:34:13.847 +07:00 [INF] Executing OkObjectResult, writing value of type 'SmartLoadBulk.Core.DTOs.Common.ApiResponse`1[[System.Collections.Generic.List`1[[SmartLoadBulk.Core.DTOs.Hardware.HardwareDeviceDto, SmartLoadBulk.Core, Version=1.0.0.0, Culture=neutral, PublicKeyToken=null]], System.Private.CoreLib, Version=9.0.0.0, Culture=neutral, PublicKeyToken=7cec85d7bea7798e]]'.
2026-05-19 10:34:13.851 +07:00 [INF] Executed action SmartLoadBulk.API.Controllers.HardwareDeviceController.GetAll (SmartLoadBulk.API) in 25.351ms
2026-05-19 10:34:13.852 +07:00 [INF] Executed endpoint 'SmartLoadBulk.API.Controllers.HardwareDeviceController.GetAll (SmartLoadBulk.API)'
2026-05-19 10:34:13.852 +07:00 [INF] HTTP GET /api/hardware responded 200 in 28.7344 ms
2026-05-19 10:34:13.852 +07:00 [INF] Request finished HTTP/1.1 GET http://localhost:5215/api/hardware - 200 null application/json; charset=utf-8 28.9806ms
2026-05-19 10:34:13.861 +07:00 [INF] Request starting HTTP/1.1 GET http://localhost:5215/api/hardware - null null
2026-05-19 10:34:13.862 +07:00 [INF] Executing endpoint 'SmartLoadBulk.API.Controllers.HardwareDeviceController.GetAll (SmartLoadBulk.API)'
2026-05-19 10:34:13.862 +07:00 [INF] Route matched with {action = "GetAll", controller = "HardwareDevice"}. Executing controller action with signature System.Threading.Tasks.Task`1[Microsoft.AspNetCore.Mvc.ActionResult`1[SmartLoadBulk.Core.DTOs.Common.ApiResponse`1[System.Collections.Generic.List`1[SmartLoadBulk.Core.DTOs.Hardware.HardwareDeviceDto]]]] GetAll() on controller SmartLoadBulk.API.Controllers.HardwareDeviceController (SmartLoadBulk.API).
2026-05-19 10:34:13.864 +07:00 [INF] Executed DbCommand (1ms) [Parameters=[], CommandType='"Text"', CommandTimeout='30']
SELECT [h].[DeviceId], [h].[DeviceCode], [h].[DeviceName], [h].[DeviceType], [h].[Protocol], COALESCE([h].[IpAddress], N''), COALESCE([h].[Port], 0), [h].[Status], [h].[LastHeartbeat]
FROM [slb].[HardwareDevices] AS [h]
2026-05-19 10:34:13.865 +07:00 [INF] Executing OkObjectResult, writing value of type 'SmartLoadBulk.Core.DTOs.Common.ApiResponse`1[[System.Collections.Generic.List`1[[SmartLoadBulk.Core.DTOs.Hardware.HardwareDeviceDto, SmartLoadBulk.Core, Version=1.0.0.0, Culture=neutral, PublicKeyToken=null]], System.Private.CoreLib, Version=9.0.0.0, Culture=neutral, PublicKeyToken=7cec85d7bea7798e]]'.
2026-05-19 10:34:13.865 +07:00 [INF] Executed action SmartLoadBulk.API.Controllers.HardwareDeviceController.GetAll (SmartLoadBulk.API) in 2.9052ms
2026-05-19 10:34:13.865 +07:00 [INF] Executed endpoint 'SmartLoadBulk.API.Controllers.HardwareDeviceController.GetAll (SmartLoadBulk.API)'
2026-05-19 10:34:13.865 +07:00 [INF] HTTP GET /api/hardware responded 200 in 3.4602 ms
2026-05-19 10:34:13.865 +07:00 [INF] Request finished HTTP/1.1 GET http://localhost:5215/api/hardware - 200 null application/json; charset=utf-8 3.6638ms
2026-05-19 10:34:15.421 +07:00 [INF] Request starting HTTP/1.1 POST http://localhost:5215/hubs/loading/negotiate?negotiateVersion=1 - null 0
2026-05-19 10:34:15.421 +07:00 [INF] CORS policy execution successful.
2026-05-19 10:34:15.421 +07:00 [INF] Executing endpoint '/hubs/loading/negotiate'
2026-05-19 10:34:15.421 +07:00 [INF] Executed endpoint '/hubs/loading/negotiate'
2026-05-19 10:34:15.422 +07:00 [INF] HTTP POST /hubs/loading/negotiate responded 200 in 0.6180 ms
2026-05-19 10:34:15.422 +07:00 [INF] Request finished HTTP/1.1 POST http://localhost:5215/hubs/loading/negotiate?negotiateVersion=1 - 200 316 application/json 0.7615ms
2026-05-19 10:34:15.422 +07:00 [INF] Request starting HTTP/1.1 POST http://localhost:5215/hubs/queue/negotiate?negotiateVersion=1 - null 0
2026-05-19 10:34:15.422 +07:00 [INF] CORS policy execution successful.
2026-05-19 10:34:15.422 +07:00 [INF] Executing endpoint '/hubs/queue/negotiate'
2026-05-19 10:34:15.422 +07:00 [INF] Executed endpoint '/hubs/queue/negotiate'
2026-05-19 10:34:15.423 +07:00 [INF] HTTP POST /hubs/queue/negotiate responded 200 in 0.4604 ms
2026-05-19 10:34:15.423 +07:00 [INF] Request finished HTTP/1.1 POST http://localhost:5215/hubs/queue/negotiate?negotiateVersion=1 - 200 316 application/json 0.5478ms
2026-05-19 10:34:15.423 +07:00 [INF] Request starting HTTP/1.1 POST http://localhost:5215/hubs/queue/negotiate?negotiateVersion=1 - null 0
2026-05-19 10:34:15.423 +07:00 [INF] CORS policy execution successful.
2026-05-19 10:34:15.423 +07:00 [INF] Executing endpoint '/hubs/queue/negotiate'
2026-05-19 10:34:15.423 +07:00 [INF] Executed endpoint '/hubs/queue/negotiate'
2026-05-19 10:34:15.424 +07:00 [INF] HTTP POST /hubs/queue/negotiate responded 200 in 0.6717 ms
2026-05-19 10:34:15.424 +07:00 [INF] Request finished HTTP/1.1 POST http://localhost:5215/hubs/queue/negotiate?negotiateVersion=1 - 200 316 application/json 0.8196ms
2026-05-19 10:34:15.424 +07:00 [INF] Request starting HTTP/1.1 POST http://localhost:5215/hubs/loading/negotiate?negotiateVersion=1 - null 0
2026-05-19 10:34:15.424 +07:00 [INF] CORS policy execution successful.
2026-05-19 10:34:15.425 +07:00 [INF] Executing endpoint '/hubs/loading/negotiate'
2026-05-19 10:34:15.425 +07:00 [INF] Request starting HTTP/1.1 GET http://localhost:5215/api/queue - null null
2026-05-19 10:34:15.425 +07:00 [INF] Executed endpoint '/hubs/loading/negotiate'
2026-05-19 10:34:15.425 +07:00 [INF] Request starting HTTP/1.1 GET http://localhost:5215/api/bays - null null
2026-05-19 10:34:15.425 +07:00 [INF] HTTP POST /hubs/loading/negotiate responded 200 in 0.8569 ms
2026-05-19 10:34:15.425 +07:00 [INF] Request finished HTTP/1.1 POST http://localhost:5215/hubs/loading/negotiate?negotiateVersion=1 - 200 316 application/json 1.0497ms
2026-05-19 10:34:15.425 +07:00 [INF] Executing endpoint 'SmartLoadBulk.API.Controllers.LoadingJobController.GetAllBays (SmartLoadBulk.API)'
2026-05-19 10:34:15.425 +07:00 [INF] Executing endpoint 'SmartLoadBulk.API.Controllers.QueueController.GetBoard (SmartLoadBulk.API)'
2026-05-19 10:34:15.425 +07:00 [INF] Route matched with {action = "GetAllBays", controller = "LoadingJob"}. Executing controller action with signature System.Threading.Tasks.Task`1[Microsoft.AspNetCore.Mvc.ActionResult`1[SmartLoadBulk.Core.DTOs.Common.ApiResponse`1[System.Collections.Generic.List`1[SmartLoadBulk.Core.DTOs.Loading.BayStatusDto]]]] GetAllBays() on controller SmartLoadBulk.API.Controllers.LoadingJobController (SmartLoadBulk.API).
2026-05-19 10:34:15.425 +07:00 [INF] Route matched with {action = "GetBoard", controller = "Queue"}. Executing controller action with signature System.Threading.Tasks.Task`1[Microsoft.AspNetCore.Mvc.ActionResult`1[SmartLoadBulk.Core.DTOs.Common.ApiResponse`1[System.Collections.Generic.List`1[SmartLoadBulk.Core.DTOs.Queue.QueueItemDto]]]] GetBoard() on controller SmartLoadBulk.API.Controllers.QueueController (SmartLoadBulk.API).
2026-05-19 10:34:15.429 +07:00 [INF] Executed DbCommand (2ms) [Parameters=[], CommandType='"Text"', CommandTimeout='30']
SELECT [b].[BayId], [b].[BayCode], [b].[BayName], [b].[BayType], [b].[CurrentQueueId], [b].[IsActive], [b].[LastUpdatedAt], [b].[MaxCapacity], [b].[Status]
FROM [slb].[Bays] AS [b]
WHERE [b].[IsActive] = CAST(1 AS bit)
2026-05-19 10:34:15.430 +07:00 [INF] Executed DbCommand (1ms) [Parameters=[@__currentQueueId_0='?' (DbType = Guid)], CommandType='"Text"', CommandTimeout='30']
SELECT TOP(1) [l].[JobId], [l].[ActualWeight], [l].[BayId], [l].[CompletedAt], [l].[CreatedAt], [l].[CreatedBy], [l].[DriverId], [l].[FailReason], [l].[JobCode], [l].[OrderId], [l].[OrderItemId], [l].[ProductId], [l].[SiloId], [l].[StartedAt], [l].[Status], [l].[TargetWeight], [l].[TolerancePct], [l].[TruckId], [l].[UpdatedAt], [t].[TruckId], [t].[CompanyName], [t].[CreatedAt], [t].[IsActive], [t].[LicensePlate], [t].[MaxCapacity], [t].[TruckType], [t].[UpdatedAt], [d].[DriverId], [d].[CreatedAt], [d].[FullName], [d].[IsActive], [d].[LicenseExpiry], [d].[LicenseNo], [d].[Phone], [p].[ProductId], [p].[CreatedAt], [p].[CriticalStock], [p].[IsActive], [p].[MaxStock], [p].[MinStock], [p].[ProductCode], [p].[ProductName], [p].[Unit]
FROM [slb].[LoadJobs] AS [l]
INNER JOIN [slb].[Trucks] AS [t] ON [l].[TruckId] = [t].[TruckId]
INNER JOIN [slb].[Drivers] AS [d] ON [l].[DriverId] = [d].[DriverId]
INNER JOIN [slb].[Products] AS [p] ON [l].[ProductId] = [p].[ProductId]
WHERE [l].[Status] NOT IN (N'COMPLETED', N'FAILED', N'CANCELLED') AND EXISTS (
    SELECT 1
    FROM [slb].[LoadQueues] AS [l0]
    WHERE [l0].[QueueId] = @__currentQueueId_0 AND [l0].[OrderId] = [l].[OrderId])
2026-05-19 10:34:15.432 +07:00 [INF] Executed DbCommand (1ms) [Parameters=[@__currentQueueId_0='?' (DbType = Guid)], CommandType='"Text"', CommandTimeout='30']
SELECT TOP(1) [l].[JobId], [l].[ActualWeight], [l].[BayId], [l].[CompletedAt], [l].[CreatedAt], [l].[CreatedBy], [l].[DriverId], [l].[FailReason], [l].[JobCode], [l].[OrderId], [l].[OrderItemId], [l].[ProductId], [l].[SiloId], [l].[StartedAt], [l].[Status], [l].[TargetWeight], [l].[TolerancePct], [l].[TruckId], [l].[UpdatedAt], [t].[TruckId], [t].[CompanyName], [t].[CreatedAt], [t].[IsActive], [t].[LicensePlate], [t].[MaxCapacity], [t].[TruckType], [t].[UpdatedAt], [d].[DriverId], [d].[CreatedAt], [d].[FullName], [d].[IsActive], [d].[LicenseExpiry], [d].[LicenseNo], [d].[Phone], [p].[ProductId], [p].[CreatedAt], [p].[CriticalStock], [p].[IsActive], [p].[MaxStock], [p].[MinStock], [p].[ProductCode], [p].[ProductName], [p].[Unit]
FROM [slb].[LoadJobs] AS [l]
INNER JOIN [slb].[Trucks] AS [t] ON [l].[TruckId] = [t].[TruckId]
INNER JOIN [slb].[Drivers] AS [d] ON [l].[DriverId] = [d].[DriverId]
INNER JOIN [slb].[Products] AS [p] ON [l].[ProductId] = [p].[ProductId]
WHERE [l].[Status] NOT IN (N'COMPLETED', N'FAILED', N'CANCELLED') AND EXISTS (
    SELECT 1
    FROM [slb].[LoadQueues] AS [l0]
    WHERE [l0].[QueueId] = @__currentQueueId_0 AND [l0].[OrderId] = [l].[OrderId])
2026-05-19 10:34:15.432 +07:00 [INF] Executing OkObjectResult, writing value of type 'SmartLoadBulk.Core.DTOs.Common.ApiResponse`1[[System.Collections.Generic.List`1[[SmartLoadBulk.Core.DTOs.Loading.BayStatusDto, SmartLoadBulk.Core, Version=1.0.0.0, Culture=neutral, PublicKeyToken=null]], System.Private.CoreLib, Version=9.0.0.0, Culture=neutral, PublicKeyToken=7cec85d7bea7798e]]'.
2026-05-19 10:34:15.433 +07:00 [INF] Executed action SmartLoadBulk.API.Controllers.LoadingJobController.GetAllBays (SmartLoadBulk.API) in 7.2943ms
2026-05-19 10:34:15.433 +07:00 [INF] Executed endpoint 'SmartLoadBulk.API.Controllers.LoadingJobController.GetAllBays (SmartLoadBulk.API)'
2026-05-19 10:34:15.433 +07:00 [INF] HTTP GET /api/bays responded 200 in 7.6247 ms
2026-05-19 10:34:15.433 +07:00 [INF] Request finished HTTP/1.1 GET http://localhost:5215/api/bays - 200 null application/json; charset=utf-8 7.7392ms
2026-05-19 10:34:15.438 +07:00 [INF] Executed DbCommand (9ms) [Parameters=[], CommandType='"Text"', CommandTimeout='30']
SELECT [l].[QueueId], [l].[OrderId], [o].[OrderCode], [c].[CustomerName], [l].[TruckId], [t].[LicensePlate], [t].[TruckType], [l].[DriverId], [d].[FullName], CAST([l].[Priority] AS int), [l].[Status], [l].[EnqueuedAt], [l].[CalledAt], [l].[DockedAt], [l].[CompletedAt], [l].[Remark]
FROM [slb].[LoadQueues] AS [l]
INNER JOIN [slb].[Orders] AS [o] ON [l].[OrderId] = [o].[OrderId]
INNER JOIN [slb].[Customers] AS [c] ON [o].[CustomerId] = [c].[CustomerId]
INNER JOIN [slb].[Trucks] AS [t] ON [l].[TruckId] = [t].[TruckId]
INNER JOIN [slb].[Drivers] AS [d] ON [l].[DriverId] = [d].[DriverId]
WHERE [l].[Status] NOT IN (N'DONE', N'CANCELLED')
ORDER BY [l].[Priority], [l].[EnqueuedAt]
2026-05-19 10:34:15.438 +07:00 [INF] Request starting HTTP/1.1 GET http://localhost:5215/hubs/queue?id=d0mEY7Yyk8KTAKgXBD5mlw&access_token=eyJhbGciOiJIUzI1NiIsInR5cCI6IkpXVCJ9.eyJzdWIiOiJhMDAwMDAwMS0wMDAwLTAwMDAtMDAwMC0wMDAwMDAwMDAwMDEiLCJ1bmlxdWVfbmFtZSI6ImFkbWluIiwiaHR0cDovL3NjaGVtYXMubWljcm9zb2Z0LmNvbS93cy8yMDA4LzA2L2lkZW50aXR5L2NsYWltcy9yb2xlIjoiQURNSU4iLCJqdGkiOiI0NGQ3MzNkMy1kM2VhLTQ3MjktOTg4OS1kZGE5ZTFhNGM0ZmMiLCJleHAiOjE3NzkxOTA0MTgsImlzcyI6IlNtYXJ0TG9hZEJ1bGsuQVBJIiwiYXVkIjoiU21hcnRMb2FkQnVsay5DbGllbnQifQ.JC3TinZzok8yKvX-EUy10PuPHK5yvsyu95N_LfGwIjk - null null
2026-05-19 10:34:15.439 +07:00 [INF] CORS policy execution successful.
2026-05-19 10:34:15.439 +07:00 [INF] Executing OkObjectResult, writing value of type 'SmartLoadBulk.Core.DTOs.Common.ApiResponse`1[[System.Collections.Generic.List`1[[SmartLoadBulk.Core.DTOs.Queue.QueueItemDto, SmartLoadBulk.Core, Version=1.0.0.0, Culture=neutral, PublicKeyToken=null]], System.Private.CoreLib, Version=9.0.0.0, Culture=neutral, PublicKeyToken=7cec85d7bea7798e]]'.
2026-05-19 10:34:15.439 +07:00 [INF] Executing endpoint '/hubs/queue'
2026-05-19 10:34:15.439 +07:00 [INF] Executed action SmartLoadBulk.API.Controllers.QueueController.GetBoard (SmartLoadBulk.API) in 13.4241ms
2026-05-19 10:34:15.439 +07:00 [INF] Executed endpoint 'SmartLoadBulk.API.Controllers.QueueController.GetBoard (SmartLoadBulk.API)'
2026-05-19 10:34:15.439 +07:00 [INF] HTTP GET /api/queue responded 200 in 13.8393 ms
2026-05-19 10:34:15.439 +07:00 [INF] Request finished HTTP/1.1 GET http://localhost:5215/api/queue - 200 null application/json; charset=utf-8 13.9941ms
2026-05-19 10:34:15.439 +07:00 [INF] Request starting HTTP/1.1 GET http://localhost:5215/api/bays - null null
2026-05-19 10:34:15.440 +07:00 [INF] Executing endpoint 'SmartLoadBulk.API.Controllers.LoadingJobController.GetAllBays (SmartLoadBulk.API)'
2026-05-19 10:34:15.440 +07:00 [INF] Route matched with {action = "GetAllBays", controller = "LoadingJob"}. Executing controller action with signature System.Threading.Tasks.Task`1[Microsoft.AspNetCore.Mvc.ActionResult`1[SmartLoadBulk.Core.DTOs.Common.ApiResponse`1[System.Collections.Generic.List`1[SmartLoadBulk.Core.DTOs.Loading.BayStatusDto]]]] GetAllBays() on controller SmartLoadBulk.API.Controllers.LoadingJobController (SmartLoadBulk.API).
2026-05-19 10:34:15.441 +07:00 [INF] Executed DbCommand (1ms) [Parameters=[], CommandType='"Text"', CommandTimeout='30']
SELECT [b].[BayId], [b].[BayCode], [b].[BayName], [b].[BayType], [b].[CurrentQueueId], [b].[IsActive], [b].[LastUpdatedAt], [b].[MaxCapacity], [b].[Status]
FROM [slb].[Bays] AS [b]
WHERE [b].[IsActive] = CAST(1 AS bit)
2026-05-19 10:34:15.443 +07:00 [INF] Executed DbCommand (1ms) [Parameters=[@__currentQueueId_0='?' (DbType = Guid)], CommandType='"Text"', CommandTimeout='30']
SELECT TOP(1) [l].[JobId], [l].[ActualWeight], [l].[BayId], [l].[CompletedAt], [l].[CreatedAt], [l].[CreatedBy], [l].[DriverId], [l].[FailReason], [l].[JobCode], [l].[OrderId], [l].[OrderItemId], [l].[ProductId], [l].[SiloId], [l].[StartedAt], [l].[Status], [l].[TargetWeight], [l].[TolerancePct], [l].[TruckId], [l].[UpdatedAt], [t].[TruckId], [t].[CompanyName], [t].[CreatedAt], [t].[IsActive], [t].[LicensePlate], [t].[MaxCapacity], [t].[TruckType], [t].[UpdatedAt], [d].[DriverId], [d].[CreatedAt], [d].[FullName], [d].[IsActive], [d].[LicenseExpiry], [d].[LicenseNo], [d].[Phone], [p].[ProductId], [p].[CreatedAt], [p].[CriticalStock], [p].[IsActive], [p].[MaxStock], [p].[MinStock], [p].[ProductCode], [p].[ProductName], [p].[Unit]
FROM [slb].[LoadJobs] AS [l]
INNER JOIN [slb].[Trucks] AS [t] ON [l].[TruckId] = [t].[TruckId]
INNER JOIN [slb].[Drivers] AS [d] ON [l].[DriverId] = [d].[DriverId]
INNER JOIN [slb].[Products] AS [p] ON [l].[ProductId] = [p].[ProductId]
WHERE [l].[Status] NOT IN (N'COMPLETED', N'FAILED', N'CANCELLED') AND EXISTS (
    SELECT 1
    FROM [slb].[LoadQueues] AS [l0]
    WHERE [l0].[QueueId] = @__currentQueueId_0 AND [l0].[OrderId] = [l].[OrderId])
2026-05-19 10:34:15.444 +07:00 [INF] Executed DbCommand (0ms) [Parameters=[@__currentQueueId_0='?' (DbType = Guid)], CommandType='"Text"', CommandTimeout='30']
SELECT TOP(1) [l].[JobId], [l].[ActualWeight], [l].[BayId], [l].[CompletedAt], [l].[CreatedAt], [l].[CreatedBy], [l].[DriverId], [l].[FailReason], [l].[JobCode], [l].[OrderId], [l].[OrderItemId], [l].[ProductId], [l].[SiloId], [l].[StartedAt], [l].[Status], [l].[TargetWeight], [l].[TolerancePct], [l].[TruckId], [l].[UpdatedAt], [t].[TruckId], [t].[CompanyName], [t].[CreatedAt], [t].[IsActive], [t].[LicensePlate], [t].[MaxCapacity], [t].[TruckType], [t].[UpdatedAt], [d].[DriverId], [d].[CreatedAt], [d].[FullName], [d].[IsActive], [d].[LicenseExpiry], [d].[LicenseNo], [d].[Phone], [p].[ProductId], [p].[CreatedAt], [p].[CriticalStock], [p].[IsActive], [p].[MaxStock], [p].[MinStock], [p].[ProductCode], [p].[ProductName], [p].[Unit]
FROM [slb].[LoadJobs] AS [l]
INNER JOIN [slb].[Trucks] AS [t] ON [l].[TruckId] = [t].[TruckId]
INNER JOIN [slb].[Drivers] AS [d] ON [l].[DriverId] = [d].[DriverId]
INNER JOIN [slb].[Products] AS [p] ON [l].[ProductId] = [p].[ProductId]
WHERE [l].[Status] NOT IN (N'COMPLETED', N'FAILED', N'CANCELLED') AND EXISTS (
    SELECT 1
    FROM [slb].[LoadQueues] AS [l0]
    WHERE [l0].[QueueId] = @__currentQueueId_0 AND [l0].[OrderId] = [l].[OrderId])
2026-05-19 10:34:15.444 +07:00 [INF] Executing OkObjectResult, writing value of type 'SmartLoadBulk.Core.DTOs.Common.ApiResponse`1[[System.Collections.Generic.List`1[[SmartLoadBulk.Core.DTOs.Loading.BayStatusDto, SmartLoadBulk.Core, Version=1.0.0.0, Culture=neutral, PublicKeyToken=null]], System.Private.CoreLib, Version=9.0.0.0, Culture=neutral, PublicKeyToken=7cec85d7bea7798e]]'.
2026-05-19 10:34:15.444 +07:00 [INF] Executed action SmartLoadBulk.API.Controllers.LoadingJobController.GetAllBays (SmartLoadBulk.API) in 4.5693ms
2026-05-19 10:34:15.444 +07:00 [INF] Executed endpoint 'SmartLoadBulk.API.Controllers.LoadingJobController.GetAllBays (SmartLoadBulk.API)'
2026-05-19 10:34:15.445 +07:00 [INF] HTTP GET /api/bays responded 200 in 4.9755 ms
2026-05-19 10:34:15.445 +07:00 [INF] Request finished HTTP/1.1 GET http://localhost:5215/api/bays - 200 null application/json; charset=utf-8 5.096ms
2026-05-19 10:34:15.447 +07:00 [INF] Request starting HTTP/1.1 GET http://localhost:5215/api/queue - null null
2026-05-19 10:34:15.447 +07:00 [INF] Executing endpoint 'SmartLoadBulk.API.Controllers.QueueController.GetBoard (SmartLoadBulk.API)'
2026-05-19 10:34:15.447 +07:00 [INF] Route matched with {action = "GetBoard", controller = "Queue"}. Executing controller action with signature System.Threading.Tasks.Task`1[Microsoft.AspNetCore.Mvc.ActionResult`1[SmartLoadBulk.Core.DTOs.Common.ApiResponse`1[System.Collections.Generic.List`1[SmartLoadBulk.Core.DTOs.Queue.QueueItemDto]]]] GetBoard() on controller SmartLoadBulk.API.Controllers.QueueController (SmartLoadBulk.API).
2026-05-19 10:34:15.449 +07:00 [INF] Executed DbCommand (1ms) [Parameters=[], CommandType='"Text"', CommandTimeout='30']
SELECT [l].[QueueId], [l].[OrderId], [o].[OrderCode], [c].[CustomerName], [l].[TruckId], [t].[LicensePlate], [t].[TruckType], [l].[DriverId], [d].[FullName], CAST([l].[Priority] AS int), [l].[Status], [l].[EnqueuedAt], [l].[CalledAt], [l].[DockedAt], [l].[CompletedAt], [l].[Remark]
FROM [slb].[LoadQueues] AS [l]
INNER JOIN [slb].[Orders] AS [o] ON [l].[OrderId] = [o].[OrderId]
INNER JOIN [slb].[Customers] AS [c] ON [o].[CustomerId] = [c].[CustomerId]
INNER JOIN [slb].[Trucks] AS [t] ON [l].[TruckId] = [t].[TruckId]
INNER JOIN [slb].[Drivers] AS [d] ON [l].[DriverId] = [d].[DriverId]
WHERE [l].[Status] NOT IN (N'DONE', N'CANCELLED')
ORDER BY [l].[Priority], [l].[EnqueuedAt]
2026-05-19 10:34:15.449 +07:00 [INF] Executing OkObjectResult, writing value of type 'SmartLoadBulk.Core.DTOs.Common.ApiResponse`1[[System.Collections.Generic.List`1[[SmartLoadBulk.Core.DTOs.Queue.QueueItemDto, SmartLoadBulk.Core, Version=1.0.0.0, Culture=neutral, PublicKeyToken=null]], System.Private.CoreLib, Version=9.0.0.0, Culture=neutral, PublicKeyToken=7cec85d7bea7798e]]'.
2026-05-19 10:34:15.449 +07:00 [INF] Executed action SmartLoadBulk.API.Controllers.QueueController.GetBoard (SmartLoadBulk.API) in 1.913ms
2026-05-19 10:34:15.449 +07:00 [INF] Executed endpoint 'SmartLoadBulk.API.Controllers.QueueController.GetBoard (SmartLoadBulk.API)'
2026-05-19 10:34:15.449 +07:00 [INF] HTTP GET /api/queue responded 200 in 2.4715 ms
2026-05-19 10:34:15.449 +07:00 [INF] Request finished HTTP/1.1 GET http://localhost:5215/api/queue - 200 null application/json; charset=utf-8 2.6107ms
2026-05-19 10:34:15.460 +07:00 [INF] Request starting HTTP/1.1 GET http://localhost:5215/hubs/loading?id=an1FNcc2_yFPE1ZY8AZqTA&access_token=eyJhbGciOiJIUzI1NiIsInR5cCI6IkpXVCJ9.eyJzdWIiOiJhMDAwMDAwMS0wMDAwLTAwMDAtMDAwMC0wMDAwMDAwMDAwMDEiLCJ1bmlxdWVfbmFtZSI6ImFkbWluIiwiaHR0cDovL3NjaGVtYXMubWljcm9zb2Z0LmNvbS93cy8yMDA4LzA2L2lkZW50aXR5L2NsYWltcy9yb2xlIjoiQURNSU4iLCJqdGkiOiI0NGQ3MzNkMy1kM2VhLTQ3MjktOTg4OS1kZGE5ZTFhNGM0ZmMiLCJleHAiOjE3NzkxOTA0MTgsImlzcyI6IlNtYXJ0TG9hZEJ1bGsuQVBJIiwiYXVkIjoiU21hcnRMb2FkQnVsay5DbGllbnQifQ.JC3TinZzok8yKvX-EUy10PuPHK5yvsyu95N_LfGwIjk - null null
2026-05-19 10:34:15.460 +07:00 [INF] CORS policy execution successful.
2026-05-19 10:34:15.460 +07:00 [INF] Executing endpoint '/hubs/loading'
2026-05-19 10:34:17.657 +07:00 [INF] Executed endpoint '/hubs/loading'
2026-05-19 10:34:17.657 +07:00 [INF] HTTP GET /hubs/loading responded 101 in 2196.6669 ms
2026-05-19 10:34:17.657 +07:00 [INF] Request finished HTTP/1.1 GET http://localhost:5215/hubs/loading?id=an1FNcc2_yFPE1ZY8AZqTA&access_token=eyJhbGciOiJIUzI1NiIsInR5cCI6IkpXVCJ9.eyJzdWIiOiJhMDAwMDAwMS0wMDAwLTAwMDAtMDAwMC0wMDAwMDAwMDAwMDEiLCJ1bmlxdWVfbmFtZSI6ImFkbWluIiwiaHR0cDovL3NjaGVtYXMubWljcm9zb2Z0LmNvbS93cy8yMDA4LzA2L2lkZW50aXR5L2NsYWltcy9yb2xlIjoiQURNSU4iLCJqdGkiOiI0NGQ3MzNkMy1kM2VhLTQ3MjktOTg4OS1kZGE5ZTFhNGM0ZmMiLCJleHAiOjE3NzkxOTA0MTgsImlzcyI6IlNtYXJ0TG9hZEJ1bGsuQVBJIiwiYXVkIjoiU21hcnRMb2FkQnVsay5DbGllbnQifQ.JC3TinZzok8yKvX-EUy10PuPHK5yvsyu95N_LfGwIjk - 101 null null 2196.8468ms
2026-05-19 10:34:17.657 +07:00 [INF] Executed endpoint '/hubs/queue'
2026-05-19 10:34:17.657 +07:00 [INF] HTTP GET /hubs/queue responded 101 in 2218.6959 ms
2026-05-19 10:34:17.657 +07:00 [INF] Request finished HTTP/1.1 GET http://localhost:5215/hubs/queue?id=d0mEY7Yyk8KTAKgXBD5mlw&access_token=eyJhbGciOiJIUzI1NiIsInR5cCI6IkpXVCJ9.eyJzdWIiOiJhMDAwMDAwMS0wMDAwLTAwMDAtMDAwMC0wMDAwMDAwMDAwMDEiLCJ1bmlxdWVfbmFtZSI6ImFkbWluIiwiaHR0cDovL3NjaGVtYXMubWljcm9zb2Z0LmNvbS93cy8yMDA4LzA2L2lkZW50aXR5L2NsYWltcy9yb2xlIjoiQURNSU4iLCJqdGkiOiI0NGQ3MzNkMy1kM2VhLTQ3MjktOTg4OS1kZGE5ZTFhNGM0ZmMiLCJleHAiOjE3NzkxOTA0MTgsImlzcyI6IlNtYXJ0TG9hZEJ1bGsuQVBJIiwiYXVkIjoiU21hcnRMb2FkQnVsay5DbGllbnQifQ.JC3TinZzok8yKvX-EUy10PuPHK5yvsyu95N_LfGwIjk - 101 null null 2218.9268ms
2026-05-19 10:34:17.663 +07:00 [INF] Request starting HTTP/1.1 POST http://localhost:5215/hubs/inventory/negotiate?negotiateVersion=1 - null 0
2026-05-19 10:34:17.663 +07:00 [INF] Request starting HTTP/1.1 POST http://localhost:5215/hubs/inventory/negotiate?negotiateVersion=1 - null 0
2026-05-19 10:34:17.663 +07:00 [INF] CORS policy execution successful.
2026-05-19 10:34:17.663 +07:00 [INF] CORS policy execution successful.
2026-05-19 10:34:17.664 +07:00 [INF] Executing endpoint '/hubs/inventory/negotiate'
2026-05-19 10:34:17.664 +07:00 [INF] Executing endpoint '/hubs/inventory/negotiate'
2026-05-19 10:34:17.664 +07:00 [INF] Executed endpoint '/hubs/inventory/negotiate'
2026-05-19 10:34:17.664 +07:00 [INF] Executed endpoint '/hubs/inventory/negotiate'
2026-05-19 10:34:17.664 +07:00 [INF] HTTP POST /hubs/inventory/negotiate responded 200 in 0.3810 ms
2026-05-19 10:34:17.664 +07:00 [INF] HTTP POST /hubs/inventory/negotiate responded 200 in 0.3866 ms
2026-05-19 10:34:17.664 +07:00 [INF] Request finished HTTP/1.1 POST http://localhost:5215/hubs/inventory/negotiate?negotiateVersion=1 - 200 316 application/json 0.446ms
2026-05-19 10:34:17.664 +07:00 [INF] Request finished HTTP/1.1 POST http://localhost:5215/hubs/inventory/negotiate?negotiateVersion=1 - 200 316 application/json 0.5308ms
2026-05-19 10:34:17.664 +07:00 [INF] Request starting HTTP/1.1 GET http://localhost:5215/api/inventory - null null
2026-05-19 10:34:17.665 +07:00 [INF] Executing endpoint 'SmartLoadBulk.API.Controllers.InventoryController.GetAll (SmartLoadBulk.API)'
2026-05-19 10:34:17.665 +07:00 [INF] Route matched with {action = "GetAll", controller = "Inventory"}. Executing controller action with signature System.Threading.Tasks.Task`1[Microsoft.AspNetCore.Mvc.ActionResult`1[SmartLoadBulk.Core.DTOs.Common.ApiResponse`1[System.Collections.Generic.List`1[SmartLoadBulk.Core.DTOs.Inventory.ProductStockDto]]]] GetAll() on controller SmartLoadBulk.API.Controllers.InventoryController (SmartLoadBulk.API).
2026-05-19 10:34:17.676 +07:00 [INF] Executed DbCommand (7ms) [Parameters=[], CommandType='"Text"', CommandTimeout='30']
SELECT [p].[ProductId], [p].[CreatedAt], [p].[CriticalStock], [p].[IsActive], [p].[MaxStock], [p].[MinStock], [p].[ProductCode], [p].[ProductName], [p].[Unit], [s0].[SiloId], [s0].[Capacity], [s0].[IsActive], [s0].[ProductId], [s0].[SiloCode], [s0].[SiloName], [i].[InventoryId], [i].[CurrentStock], [i].[ProductId], [i].[ReservedStock], [i].[SiloId], [i].[UpdatedAt]
FROM [slb].[Products] AS [p]
LEFT JOIN (
    SELECT [s].[SiloId], [s].[Capacity], [s].[IsActive], [s].[ProductId], [s].[SiloCode], [s].[SiloName]
    FROM [slb].[Silos] AS [s]
    WHERE [s].[IsActive] = CAST(1 AS bit)
) AS [s0] ON [p].[ProductId] = [s0].[ProductId]
LEFT JOIN [slb].[Inventory] AS [i] ON [p].[ProductId] = [i].[ProductId]
WHERE [p].[IsActive] = CAST(1 AS bit)
ORDER BY [p].[ProductId], [s0].[SiloId]
2026-05-19 10:34:17.677 +07:00 [INF] Request starting HTTP/1.1 GET http://localhost:5215/hubs/inventory?id=ygBEmAOMDyRrigHo6m89uA&access_token=eyJhbGciOiJIUzI1NiIsInR5cCI6IkpXVCJ9.eyJzdWIiOiJhMDAwMDAwMS0wMDAwLTAwMDAtMDAwMC0wMDAwMDAwMDAwMDEiLCJ1bmlxdWVfbmFtZSI6ImFkbWluIiwiaHR0cDovL3NjaGVtYXMubWljcm9zb2Z0LmNvbS93cy8yMDA4LzA2L2lkZW50aXR5L2NsYWltcy9yb2xlIjoiQURNSU4iLCJqdGkiOiI0NGQ3MzNkMy1kM2VhLTQ3MjktOTg4OS1kZGE5ZTFhNGM0ZmMiLCJleHAiOjE3NzkxOTA0MTgsImlzcyI6IlNtYXJ0TG9hZEJ1bGsuQVBJIiwiYXVkIjoiU21hcnRMb2FkQnVsay5DbGllbnQifQ.JC3TinZzok8yKvX-EUy10PuPHK5yvsyu95N_LfGwIjk - null null
2026-05-19 10:34:17.677 +07:00 [INF] Executing OkObjectResult, writing value of type 'SmartLoadBulk.Core.DTOs.Common.ApiResponse`1[[System.Collections.Generic.List`1[[SmartLoadBulk.Core.DTOs.Inventory.ProductStockDto, SmartLoadBulk.Core, Version=1.0.0.0, Culture=neutral, PublicKeyToken=null]], System.Private.CoreLib, Version=9.0.0.0, Culture=neutral, PublicKeyToken=7cec85d7bea7798e]]'.
2026-05-19 10:34:17.677 +07:00 [INF] CORS policy execution successful.
2026-05-19 10:34:17.677 +07:00 [INF] Executed action SmartLoadBulk.API.Controllers.InventoryController.GetAll (SmartLoadBulk.API) in 12.3108ms
2026-05-19 10:34:17.677 +07:00 [INF] Executed endpoint 'SmartLoadBulk.API.Controllers.InventoryController.GetAll (SmartLoadBulk.API)'
2026-05-19 10:34:17.677 +07:00 [INF] Executing endpoint '/hubs/inventory'
2026-05-19 10:34:17.677 +07:00 [INF] HTTP GET /api/inventory responded 200 in 12.7259 ms
2026-05-19 10:34:17.677 +07:00 [INF] Request finished HTTP/1.1 GET http://localhost:5215/api/inventory - 200 null application/json; charset=utf-8 12.8455ms
2026-05-19 10:34:17.686 +07:00 [INF] Request starting HTTP/1.1 GET http://localhost:5215/api/inventory - null null
2026-05-19 10:34:17.686 +07:00 [INF] Executing endpoint 'SmartLoadBulk.API.Controllers.InventoryController.GetAll (SmartLoadBulk.API)'
2026-05-19 10:34:17.686 +07:00 [INF] Route matched with {action = "GetAll", controller = "Inventory"}. Executing controller action with signature System.Threading.Tasks.Task`1[Microsoft.AspNetCore.Mvc.ActionResult`1[SmartLoadBulk.Core.DTOs.Common.ApiResponse`1[System.Collections.Generic.List`1[SmartLoadBulk.Core.DTOs.Inventory.ProductStockDto]]]] GetAll() on controller SmartLoadBulk.API.Controllers.InventoryController (SmartLoadBulk.API).
2026-05-19 10:34:17.689 +07:00 [INF] Executed DbCommand (1ms) [Parameters=[], CommandType='"Text"', CommandTimeout='30']
SELECT [p].[ProductId], [p].[CreatedAt], [p].[CriticalStock], [p].[IsActive], [p].[MaxStock], [p].[MinStock], [p].[ProductCode], [p].[ProductName], [p].[Unit], [s0].[SiloId], [s0].[Capacity], [s0].[IsActive], [s0].[ProductId], [s0].[SiloCode], [s0].[SiloName], [i].[InventoryId], [i].[CurrentStock], [i].[ProductId], [i].[ReservedStock], [i].[SiloId], [i].[UpdatedAt]
FROM [slb].[Products] AS [p]
LEFT JOIN (
    SELECT [s].[SiloId], [s].[Capacity], [s].[IsActive], [s].[ProductId], [s].[SiloCode], [s].[SiloName]
    FROM [slb].[Silos] AS [s]
    WHERE [s].[IsActive] = CAST(1 AS bit)
) AS [s0] ON [p].[ProductId] = [s0].[ProductId]
LEFT JOIN [slb].[Inventory] AS [i] ON [p].[ProductId] = [i].[ProductId]
WHERE [p].[IsActive] = CAST(1 AS bit)
ORDER BY [p].[ProductId], [s0].[SiloId]
2026-05-19 10:34:17.689 +07:00 [INF] Executing OkObjectResult, writing value of type 'SmartLoadBulk.Core.DTOs.Common.ApiResponse`1[[System.Collections.Generic.List`1[[SmartLoadBulk.Core.DTOs.Inventory.ProductStockDto, SmartLoadBulk.Core, Version=1.0.0.0, Culture=neutral, PublicKeyToken=null]], System.Private.CoreLib, Version=9.0.0.0, Culture=neutral, PublicKeyToken=7cec85d7bea7798e]]'.
2026-05-19 10:34:17.690 +07:00 [INF] Executed action SmartLoadBulk.API.Controllers.InventoryController.GetAll (SmartLoadBulk.API) in 3.1474ms
2026-05-19 10:34:17.690 +07:00 [INF] Executed endpoint 'SmartLoadBulk.API.Controllers.InventoryController.GetAll (SmartLoadBulk.API)'
2026-05-19 10:34:17.690 +07:00 [INF] HTTP GET /api/inventory responded 200 in 3.7266 ms
2026-05-19 10:34:17.690 +07:00 [INF] Request finished HTTP/1.1 GET http://localhost:5215/api/inventory - 200 null application/json; charset=utf-8 3.9227ms
2026-05-19 10:34:21.073 +07:00 [INF] Executed endpoint '/hubs/inventory'
2026-05-19 10:34:21.073 +07:00 [INF] HTTP GET /hubs/inventory responded 101 in 3395.6548 ms
2026-05-19 10:34:21.073 +07:00 [INF] Request finished HTTP/1.1 GET http://localhost:5215/hubs/inventory?id=ygBEmAOMDyRrigHo6m89uA&access_token=eyJhbGciOiJIUzI1NiIsInR5cCI6IkpXVCJ9.eyJzdWIiOiJhMDAwMDAwMS0wMDAwLTAwMDAtMDAwMC0wMDAwMDAwMDAwMDEiLCJ1bmlxdWVfbmFtZSI6ImFkbWluIiwiaHR0cDovL3NjaGVtYXMubWljcm9zb2Z0LmNvbS93cy8yMDA4LzA2L2lkZW50aXR5L2NsYWltcy9yb2xlIjoiQURNSU4iLCJqdGkiOiI0NGQ3MzNkMy1kM2VhLTQ3MjktOTg4OS1kZGE5ZTFhNGM0ZmMiLCJleHAiOjE3NzkxOTA0MTgsImlzcyI6IlNtYXJ0TG9hZEJ1bGsuQVBJIiwiYXVkIjoiU21hcnRMb2FkQnVsay5DbGllbnQifQ.JC3TinZzok8yKvX-EUy10PuPHK5yvsyu95N_LfGwIjk - 101 null null 3395.7838ms
2026-05-19 10:34:21.080 +07:00 [INF] Request starting HTTP/1.1 POST http://localhost:5215/hubs/queue/negotiate?negotiateVersion=1 - null 0
2026-05-19 10:34:21.080 +07:00 [INF] CORS policy execution successful.
2026-05-19 10:34:21.080 +07:00 [INF] Request starting HTTP/1.1 POST http://localhost:5215/hubs/queue/negotiate?negotiateVersion=1 - null 0
2026-05-19 10:34:21.080 +07:00 [INF] CORS policy execution successful.
2026-05-19 10:34:21.080 +07:00 [INF] Executing endpoint '/hubs/queue/negotiate'
2026-05-19 10:34:21.080 +07:00 [INF] Request starting HTTP/1.1 GET http://localhost:5215/api/orders?page=1&pageSize=50 - null null
2026-05-19 10:34:21.081 +07:00 [INF] Executing endpoint '/hubs/queue/negotiate'
2026-05-19 10:34:21.081 +07:00 [INF] Executed endpoint '/hubs/queue/negotiate'
2026-05-19 10:34:21.081 +07:00 [INF] Executed endpoint '/hubs/queue/negotiate'
2026-05-19 10:34:21.081 +07:00 [INF] HTTP POST /hubs/queue/negotiate responded 200 in 0.2153 ms
2026-05-19 10:34:21.081 +07:00 [INF] HTTP POST /hubs/queue/negotiate responded 200 in 0.4571 ms
2026-05-19 10:34:21.081 +07:00 [INF] Request finished HTTP/1.1 POST http://localhost:5215/hubs/queue/negotiate?negotiateVersion=1 - 200 316 application/json 0.2996ms
2026-05-19 10:34:21.081 +07:00 [INF] Request finished HTTP/1.1 POST http://localhost:5215/hubs/queue/negotiate?negotiateVersion=1 - 200 316 application/json 0.583ms
2026-05-19 10:34:21.081 +07:00 [INF] Executing endpoint 'SmartLoadBulk.API.Controllers.OrdersController.GetOrders (SmartLoadBulk.API)'
2026-05-19 10:34:21.081 +07:00 [INF] Route matched with {action = "GetOrders", controller = "Orders"}. Executing controller action with signature System.Threading.Tasks.Task`1[Microsoft.AspNetCore.Mvc.ActionResult`1[SmartLoadBulk.Core.DTOs.Common.ApiResponse`1[SmartLoadBulk.Core.DTOs.Common.PagedResponse`1[SmartLoadBulk.Core.DTOs.Order.OrderListDto]]]] GetOrders(Int32, Int32, System.String) on controller SmartLoadBulk.API.Controllers.OrdersController (SmartLoadBulk.API).
2026-05-19 10:34:21.085 +07:00 [INF] Executed DbCommand (2ms) [Parameters=[], CommandType='"Text"', CommandTimeout='30']
SELECT COUNT(*)
FROM [slb].[Orders] AS [o]
2026-05-19 10:34:21.093 +07:00 [INF] Request starting HTTP/1.1 GET http://localhost:5215/hubs/queue?id=byHWKLoNYGIPl7VwuIRWsA&access_token=eyJhbGciOiJIUzI1NiIsInR5cCI6IkpXVCJ9.eyJzdWIiOiJhMDAwMDAwMS0wMDAwLTAwMDAtMDAwMC0wMDAwMDAwMDAwMDEiLCJ1bmlxdWVfbmFtZSI6ImFkbWluIiwiaHR0cDovL3NjaGVtYXMubWljcm9zb2Z0LmNvbS93cy8yMDA4LzA2L2lkZW50aXR5L2NsYWltcy9yb2xlIjoiQURNSU4iLCJqdGkiOiI0NGQ3MzNkMy1kM2VhLTQ3MjktOTg4OS1kZGE5ZTFhNGM0ZmMiLCJleHAiOjE3NzkxOTA0MTgsImlzcyI6IlNtYXJ0TG9hZEJ1bGsuQVBJIiwiYXVkIjoiU21hcnRMb2FkQnVsay5DbGllbnQifQ.JC3TinZzok8yKvX-EUy10PuPHK5yvsyu95N_LfGwIjk - null null
2026-05-19 10:34:21.093 +07:00 [INF] Executed DbCommand (7ms) [Parameters=[@__p_0='?' (DbType = Int32), @__p_1='?' (DbType = Int32)], CommandType='"Text"', CommandTimeout='30']
SELECT [o0].[OrderId], [o0].[OrderCode], [c].[CustomerName], [o0].[OrderDate], [o0].[RequiredDate], [o0].[Status], COALESCE([o0].[TotalWeight], 0.0), (
    SELECT COUNT(*)
    FROM [slb].[OrderItems] AS [o1]
    WHERE [o0].[OrderId] = [o1].[OrderId]), [o0].[CreatedAt]
FROM (
    SELECT [o].[OrderId], [o].[CreatedAt], [o].[CustomerId], [o].[OrderCode], [o].[OrderDate], [o].[RequiredDate], [o].[Status], [o].[TotalWeight]
    FROM [slb].[Orders] AS [o]
    ORDER BY [o].[CreatedAt] DESC
    OFFSET @__p_0 ROWS FETCH NEXT @__p_1 ROWS ONLY
) AS [o0]
INNER JOIN [slb].[Customers] AS [c] ON [o0].[CustomerId] = [c].[CustomerId]
ORDER BY [o0].[CreatedAt] DESC
2026-05-19 10:34:21.093 +07:00 [INF] CORS policy execution successful.
2026-05-19 10:34:21.094 +07:00 [INF] Executing OkObjectResult, writing value of type 'SmartLoadBulk.Core.DTOs.Common.ApiResponse`1[[SmartLoadBulk.Core.DTOs.Common.PagedResponse`1[[SmartLoadBulk.Core.DTOs.Order.OrderListDto, SmartLoadBulk.Core, Version=1.0.0.0, Culture=neutral, PublicKeyToken=null]], SmartLoadBulk.Core, Version=1.0.0.0, Culture=neutral, PublicKeyToken=null]]'.
2026-05-19 10:34:21.094 +07:00 [INF] Executing endpoint '/hubs/queue'
2026-05-19 10:34:21.094 +07:00 [INF] Executed action SmartLoadBulk.API.Controllers.OrdersController.GetOrders (SmartLoadBulk.API) in 13.0974ms
2026-05-19 10:34:21.094 +07:00 [INF] Executed endpoint 'SmartLoadBulk.API.Controllers.OrdersController.GetOrders (SmartLoadBulk.API)'
2026-05-19 10:34:21.094 +07:00 [INF] HTTP GET /api/orders responded 200 in 13.4349 ms
2026-05-19 10:34:21.094 +07:00 [INF] Request finished HTTP/1.1 GET http://localhost:5215/api/orders?page=1&pageSize=50 - 200 null application/json; charset=utf-8 13.5681ms
2026-05-19 10:34:21.102 +07:00 [INF] Request starting HTTP/1.1 GET http://localhost:5215/api/orders?page=1&pageSize=50 - null null
2026-05-19 10:34:21.103 +07:00 [INF] Executing endpoint 'SmartLoadBulk.API.Controllers.OrdersController.GetOrders (SmartLoadBulk.API)'
2026-05-19 10:34:21.103 +07:00 [INF] Route matched with {action = "GetOrders", controller = "Orders"}. Executing controller action with signature System.Threading.Tasks.Task`1[Microsoft.AspNetCore.Mvc.ActionResult`1[SmartLoadBulk.Core.DTOs.Common.ApiResponse`1[SmartLoadBulk.Core.DTOs.Common.PagedResponse`1[SmartLoadBulk.Core.DTOs.Order.OrderListDto]]]] GetOrders(Int32, Int32, System.String) on controller SmartLoadBulk.API.Controllers.OrdersController (SmartLoadBulk.API).
2026-05-19 10:34:21.104 +07:00 [INF] Executed DbCommand (1ms) [Parameters=[], CommandType='"Text"', CommandTimeout='30']
SELECT COUNT(*)
FROM [slb].[Orders] AS [o]
2026-05-19 10:34:21.106 +07:00 [INF] Executed DbCommand (1ms) [Parameters=[@__p_0='?' (DbType = Int32), @__p_1='?' (DbType = Int32)], CommandType='"Text"', CommandTimeout='30']
SELECT [o0].[OrderId], [o0].[OrderCode], [c].[CustomerName], [o0].[OrderDate], [o0].[RequiredDate], [o0].[Status], COALESCE([o0].[TotalWeight], 0.0), (
    SELECT COUNT(*)
    FROM [slb].[OrderItems] AS [o1]
    WHERE [o0].[OrderId] = [o1].[OrderId]), [o0].[CreatedAt]
FROM (
    SELECT [o].[OrderId], [o].[CreatedAt], [o].[CustomerId], [o].[OrderCode], [o].[OrderDate], [o].[RequiredDate], [o].[Status], [o].[TotalWeight]
    FROM [slb].[Orders] AS [o]
    ORDER BY [o].[CreatedAt] DESC
    OFFSET @__p_0 ROWS FETCH NEXT @__p_1 ROWS ONLY
) AS [o0]
INNER JOIN [slb].[Customers] AS [c] ON [o0].[CustomerId] = [c].[CustomerId]
ORDER BY [o0].[CreatedAt] DESC
2026-05-19 10:34:21.106 +07:00 [INF] Executing OkObjectResult, writing value of type 'SmartLoadBulk.Core.DTOs.Common.ApiResponse`1[[SmartLoadBulk.Core.DTOs.Common.PagedResponse`1[[SmartLoadBulk.Core.DTOs.Order.OrderListDto, SmartLoadBulk.Core, Version=1.0.0.0, Culture=neutral, PublicKeyToken=null]], SmartLoadBulk.Core, Version=1.0.0.0, Culture=neutral, PublicKeyToken=null]]'.
2026-05-19 10:34:21.106 +07:00 [INF] Executed action SmartLoadBulk.API.Controllers.OrdersController.GetOrders (SmartLoadBulk.API) in 3.543ms
2026-05-19 10:34:21.106 +07:00 [INF] Executed endpoint 'SmartLoadBulk.API.Controllers.OrdersController.GetOrders (SmartLoadBulk.API)'
2026-05-19 10:34:21.106 +07:00 [INF] HTTP GET /api/orders responded 200 in 3.9992 ms
2026-05-19 10:34:21.106 +07:00 [INF] Request finished HTTP/1.1 GET http://localhost:5215/api/orders?page=1&pageSize=50 - 200 null application/json; charset=utf-8 4.2277ms
2026-05-19 10:34:23.703 +07:00 [INF] Executed endpoint '/hubs/queue'
2026-05-19 10:34:23.703 +07:00 [INF] HTTP GET /hubs/queue responded 101 in 2610.0965 ms
2026-05-19 10:34:23.703 +07:00 [INF] Request finished HTTP/1.1 GET http://localhost:5215/hubs/queue?id=byHWKLoNYGIPl7VwuIRWsA&access_token=eyJhbGciOiJIUzI1NiIsInR5cCI6IkpXVCJ9.eyJzdWIiOiJhMDAwMDAwMS0wMDAwLTAwMDAtMDAwMC0wMDAwMDAwMDAwMDEiLCJ1bmlxdWVfbmFtZSI6ImFkbWluIiwiaHR0cDovL3NjaGVtYXMubWljcm9zb2Z0LmNvbS93cy8yMDA4LzA2L2lkZW50aXR5L2NsYWltcy9yb2xlIjoiQURNSU4iLCJqdGkiOiI0NGQ3MzNkMy1kM2VhLTQ3MjktOTg4OS1kZGE5ZTFhNGM0ZmMiLCJleHAiOjE3NzkxOTA0MTgsImlzcyI6IlNtYXJ0TG9hZEJ1bGsuQVBJIiwiYXVkIjoiU21hcnRMb2FkQnVsay5DbGllbnQifQ.JC3TinZzok8yKvX-EUy10PuPHK5yvsyu95N_LfGwIjk - 101 null null 2610.3552ms
2026-05-19 10:34:23.710 +07:00 [INF] Request starting HTTP/1.1 GET http://localhost:5215/api/trucks?page=1&pageSize=20 - null null
2026-05-19 10:34:23.710 +07:00 [INF] Request starting HTTP/1.1 GET http://localhost:5215/api/drivers?page=1&pageSize=20 - null null
2026-05-19 10:34:23.710 +07:00 [INF] Executing endpoint 'SmartLoadBulk.API.Controllers.TruckRegisterController.GetDrivers (SmartLoadBulk.API)'
2026-05-19 10:34:23.710 +07:00 [INF] Executing endpoint 'SmartLoadBulk.API.Controllers.TruckRegisterController.GetTrucks (SmartLoadBulk.API)'
2026-05-19 10:34:23.710 +07:00 [INF] Route matched with {action = "GetDrivers", controller = "TruckRegister"}. Executing controller action with signature System.Threading.Tasks.Task`1[Microsoft.AspNetCore.Mvc.ActionResult`1[SmartLoadBulk.Core.DTOs.Common.ApiResponse`1[SmartLoadBulk.Core.DTOs.Common.PagedResponse`1[SmartLoadBulk.Core.DTOs.Truck.DriverDto]]]] GetDrivers(Int32, Int32, System.Nullable`1[System.Boolean]) on controller SmartLoadBulk.API.Controllers.TruckRegisterController (SmartLoadBulk.API).
2026-05-19 10:34:23.710 +07:00 [INF] Route matched with {action = "GetTrucks", controller = "TruckRegister"}. Executing controller action with signature System.Threading.Tasks.Task`1[Microsoft.AspNetCore.Mvc.ActionResult`1[SmartLoadBulk.Core.DTOs.Common.ApiResponse`1[SmartLoadBulk.Core.DTOs.Common.PagedResponse`1[SmartLoadBulk.Core.DTOs.Truck.TruckDto]]]] GetTrucks(Int32, Int32, System.Nullable`1[System.Boolean]) on controller SmartLoadBulk.API.Controllers.TruckRegisterController (SmartLoadBulk.API).
2026-05-19 10:34:23.712 +07:00 [INF] Executed DbCommand (1ms) [Parameters=[], CommandType='"Text"', CommandTimeout='30']
SELECT COUNT(*)
FROM [slb].[Drivers] AS [d]
2026-05-19 10:34:23.712 +07:00 [INF] Executed DbCommand (1ms) [Parameters=[], CommandType='"Text"', CommandTimeout='30']
SELECT COUNT(*)
FROM [slb].[Trucks] AS [t]
2026-05-19 10:34:23.714 +07:00 [INF] Executed DbCommand (2ms) [Parameters=[@__p_0='?' (DbType = Int32), @__p_1='?' (DbType = Int32)], CommandType='"Text"', CommandTimeout='30']
SELECT [d].[DriverId], [d].[FullName], [d].[LicenseNo], [d].[LicenseExpiry], [d].[Phone], [d].[IsActive], [d].[CreatedAt]
FROM [slb].[Drivers] AS [d]
ORDER BY [d].[FullName]
OFFSET @__p_0 ROWS FETCH NEXT @__p_1 ROWS ONLY
2026-05-19 10:34:23.715 +07:00 [INF] Executing OkObjectResult, writing value of type 'SmartLoadBulk.Core.DTOs.Common.ApiResponse`1[[SmartLoadBulk.Core.DTOs.Common.PagedResponse`1[[SmartLoadBulk.Core.DTOs.Truck.DriverDto, SmartLoadBulk.Core, Version=1.0.0.0, Culture=neutral, PublicKeyToken=null]], SmartLoadBulk.Core, Version=1.0.0.0, Culture=neutral, PublicKeyToken=null]]'.
2026-05-19 10:34:23.715 +07:00 [INF] Executed action SmartLoadBulk.API.Controllers.TruckRegisterController.GetDrivers (SmartLoadBulk.API) in 4.5632ms
2026-05-19 10:34:23.715 +07:00 [INF] Executed endpoint 'SmartLoadBulk.API.Controllers.TruckRegisterController.GetDrivers (SmartLoadBulk.API)'
2026-05-19 10:34:23.715 +07:00 [INF] Executed DbCommand (2ms) [Parameters=[@__p_0='?' (DbType = Int32), @__p_1='?' (DbType = Int32)], CommandType='"Text"', CommandTimeout='30']
SELECT [t].[TruckId], [t].[LicensePlate], [t].[TruckType], [t].[MaxCapacity], [t].[CompanyName], [t].[IsActive], [t].[CreatedAt]
FROM [slb].[Trucks] AS [t]
ORDER BY [t].[LicensePlate]
OFFSET @__p_0 ROWS FETCH NEXT @__p_1 ROWS ONLY
2026-05-19 10:34:23.715 +07:00 [INF] HTTP GET /api/drivers responded 200 in 4.9822 ms
2026-05-19 10:34:23.715 +07:00 [INF] Request finished HTTP/1.1 GET http://localhost:5215/api/drivers?page=1&pageSize=20 - 200 null application/json; charset=utf-8 5.1301ms
2026-05-19 10:34:23.715 +07:00 [INF] Executing OkObjectResult, writing value of type 'SmartLoadBulk.Core.DTOs.Common.ApiResponse`1[[SmartLoadBulk.Core.DTOs.Common.PagedResponse`1[[SmartLoadBulk.Core.DTOs.Truck.TruckDto, SmartLoadBulk.Core, Version=1.0.0.0, Culture=neutral, PublicKeyToken=null]], SmartLoadBulk.Core, Version=1.0.0.0, Culture=neutral, PublicKeyToken=null]]'.
2026-05-19 10:34:23.715 +07:00 [INF] Executed action SmartLoadBulk.API.Controllers.TruckRegisterController.GetTrucks (SmartLoadBulk.API) in 4.915ms
2026-05-19 10:34:23.715 +07:00 [INF] Executed endpoint 'SmartLoadBulk.API.Controllers.TruckRegisterController.GetTrucks (SmartLoadBulk.API)'
2026-05-19 10:34:23.715 +07:00 [INF] HTTP GET /api/trucks responded 200 in 5.3215 ms
2026-05-19 10:34:23.715 +07:00 [INF] Request finished HTTP/1.1 GET http://localhost:5215/api/trucks?page=1&pageSize=20 - 200 null application/json; charset=utf-8 5.4618ms
2026-05-19 10:34:23.724 +07:00 [INF] Request starting HTTP/1.1 GET http://localhost:5215/api/trucks?page=1&pageSize=20 - null null
2026-05-19 10:34:23.725 +07:00 [INF] Executing endpoint 'SmartLoadBulk.API.Controllers.TruckRegisterController.GetTrucks (SmartLoadBulk.API)'
2026-05-19 10:34:23.725 +07:00 [INF] Route matched with {action = "GetTrucks", controller = "TruckRegister"}. Executing controller action with signature System.Threading.Tasks.Task`1[Microsoft.AspNetCore.Mvc.ActionResult`1[SmartLoadBulk.Core.DTOs.Common.ApiResponse`1[SmartLoadBulk.Core.DTOs.Common.PagedResponse`1[SmartLoadBulk.Core.DTOs.Truck.TruckDto]]]] GetTrucks(Int32, Int32, System.Nullable`1[System.Boolean]) on controller SmartLoadBulk.API.Controllers.TruckRegisterController (SmartLoadBulk.API).
2026-05-19 10:34:23.725 +07:00 [INF] Request starting HTTP/1.1 GET http://localhost:5215/api/drivers?page=1&pageSize=20 - null null
2026-05-19 10:34:23.725 +07:00 [INF] Executing endpoint 'SmartLoadBulk.API.Controllers.TruckRegisterController.GetDrivers (SmartLoadBulk.API)'
2026-05-19 10:34:23.725 +07:00 [INF] Route matched with {action = "GetDrivers", controller = "TruckRegister"}. Executing controller action with signature System.Threading.Tasks.Task`1[Microsoft.AspNetCore.Mvc.ActionResult`1[SmartLoadBulk.Core.DTOs.Common.ApiResponse`1[SmartLoadBulk.Core.DTOs.Common.PagedResponse`1[SmartLoadBulk.Core.DTOs.Truck.DriverDto]]]] GetDrivers(Int32, Int32, System.Nullable`1[System.Boolean]) on controller SmartLoadBulk.API.Controllers.TruckRegisterController (SmartLoadBulk.API).
2026-05-19 10:34:23.727 +07:00 [INF] Executed DbCommand (1ms) [Parameters=[], CommandType='"Text"', CommandTimeout='30']
SELECT COUNT(*)
FROM [slb].[Drivers] AS [d]
2026-05-19 10:34:23.727 +07:00 [INF] Executed DbCommand (1ms) [Parameters=[], CommandType='"Text"', CommandTimeout='30']
SELECT COUNT(*)
FROM [slb].[Trucks] AS [t]
2026-05-19 10:34:23.728 +07:00 [INF] Executed DbCommand (0ms) [Parameters=[@__p_0='?' (DbType = Int32), @__p_1='?' (DbType = Int32)], CommandType='"Text"', CommandTimeout='30']
SELECT [d].[DriverId], [d].[FullName], [d].[LicenseNo], [d].[LicenseExpiry], [d].[Phone], [d].[IsActive], [d].[CreatedAt]
FROM [slb].[Drivers] AS [d]
ORDER BY [d].[FullName]
OFFSET @__p_0 ROWS FETCH NEXT @__p_1 ROWS ONLY
2026-05-19 10:34:23.728 +07:00 [INF] Executed DbCommand (0ms) [Parameters=[@__p_0='?' (DbType = Int32), @__p_1='?' (DbType = Int32)], CommandType='"Text"', CommandTimeout='30']
SELECT [t].[TruckId], [t].[LicensePlate], [t].[TruckType], [t].[MaxCapacity], [t].[CompanyName], [t].[IsActive], [t].[CreatedAt]
FROM [slb].[Trucks] AS [t]
ORDER BY [t].[LicensePlate]
OFFSET @__p_0 ROWS FETCH NEXT @__p_1 ROWS ONLY
2026-05-19 10:34:23.728 +07:00 [INF] Executing OkObjectResult, writing value of type 'SmartLoadBulk.Core.DTOs.Common.ApiResponse`1[[SmartLoadBulk.Core.DTOs.Common.PagedResponse`1[[SmartLoadBulk.Core.DTOs.Truck.DriverDto, SmartLoadBulk.Core, Version=1.0.0.0, Culture=neutral, PublicKeyToken=null]], SmartLoadBulk.Core, Version=1.0.0.0, Culture=neutral, PublicKeyToken=null]]'.
2026-05-19 10:34:23.728 +07:00 [INF] Executing OkObjectResult, writing value of type 'SmartLoadBulk.Core.DTOs.Common.ApiResponse`1[[SmartLoadBulk.Core.DTOs.Common.PagedResponse`1[[SmartLoadBulk.Core.DTOs.Truck.TruckDto, SmartLoadBulk.Core, Version=1.0.0.0, Culture=neutral, PublicKeyToken=null]], SmartLoadBulk.Core, Version=1.0.0.0, Culture=neutral, PublicKeyToken=null]]'.
2026-05-19 10:34:23.728 +07:00 [INF] Executed action SmartLoadBulk.API.Controllers.TruckRegisterController.GetDrivers (SmartLoadBulk.API) in 2.5319ms
2026-05-19 10:34:23.728 +07:00 [INF] Executed endpoint 'SmartLoadBulk.API.Controllers.TruckRegisterController.GetDrivers (SmartLoadBulk.API)'
2026-05-19 10:34:23.728 +07:00 [INF] Executed action SmartLoadBulk.API.Controllers.TruckRegisterController.GetTrucks (SmartLoadBulk.API) in 3.0143ms
2026-05-19 10:34:23.728 +07:00 [INF] HTTP GET /api/drivers responded 200 in 2.8810 ms
2026-05-19 10:34:23.728 +07:00 [INF] Executed endpoint 'SmartLoadBulk.API.Controllers.TruckRegisterController.GetTrucks (SmartLoadBulk.API)'
2026-05-19 10:34:23.728 +07:00 [INF] HTTP GET /api/trucks responded 200 in 3.6473 ms
2026-05-19 10:34:23.728 +07:00 [INF] Request finished HTTP/1.1 GET http://localhost:5215/api/drivers?page=1&pageSize=20 - 200 null application/json; charset=utf-8 2.9925ms
2026-05-19 10:34:23.728 +07:00 [INF] Request finished HTTP/1.1 GET http://localhost:5215/api/trucks?page=1&pageSize=20 - 200 null application/json; charset=utf-8 3.8032ms
2026-05-19 10:34:25.712 +07:00 [INF] Request starting HTTP/1.1 POST http://localhost:5215/hubs/loading/negotiate?negotiateVersion=1 - null 0
2026-05-19 10:34:25.712 +07:00 [INF] Request starting HTTP/1.1 POST http://localhost:5215/hubs/loading/negotiate?negotiateVersion=1 - null 0
2026-05-19 10:34:25.712 +07:00 [INF] CORS policy execution successful.
2026-05-19 10:34:25.712 +07:00 [INF] CORS policy execution successful.
2026-05-19 10:34:25.712 +07:00 [INF] Executing endpoint '/hubs/loading/negotiate'
2026-05-19 10:34:25.712 +07:00 [INF] Executing endpoint '/hubs/loading/negotiate'
2026-05-19 10:34:25.712 +07:00 [INF] Request starting HTTP/1.1 GET http://localhost:5215/api/bays - null null
2026-05-19 10:34:25.713 +07:00 [INF] Executed endpoint '/hubs/loading/negotiate'
2026-05-19 10:34:25.713 +07:00 [INF] Executed endpoint '/hubs/loading/negotiate'
2026-05-19 10:34:25.713 +07:00 [INF] HTTP POST /hubs/loading/negotiate responded 200 in 0.3568 ms
2026-05-19 10:34:25.713 +07:00 [INF] HTTP POST /hubs/loading/negotiate responded 200 in 0.3478 ms
2026-05-19 10:34:25.713 +07:00 [INF] Request finished HTTP/1.1 POST http://localhost:5215/hubs/loading/negotiate?negotiateVersion=1 - 200 316 application/json 0.5407ms
2026-05-19 10:34:25.713 +07:00 [INF] Executing endpoint 'SmartLoadBulk.API.Controllers.LoadingJobController.GetAllBays (SmartLoadBulk.API)'
2026-05-19 10:34:25.713 +07:00 [INF] Request finished HTTP/1.1 POST http://localhost:5215/hubs/loading/negotiate?negotiateVersion=1 - 200 316 application/json 0.6077ms
2026-05-19 10:34:25.713 +07:00 [INF] Route matched with {action = "GetAllBays", controller = "LoadingJob"}. Executing controller action with signature System.Threading.Tasks.Task`1[Microsoft.AspNetCore.Mvc.ActionResult`1[SmartLoadBulk.Core.DTOs.Common.ApiResponse`1[System.Collections.Generic.List`1[SmartLoadBulk.Core.DTOs.Loading.BayStatusDto]]]] GetAllBays() on controller SmartLoadBulk.API.Controllers.LoadingJobController (SmartLoadBulk.API).
2026-05-19 10:34:25.715 +07:00 [INF] Executed DbCommand (0ms) [Parameters=[], CommandType='"Text"', CommandTimeout='30']
SELECT [b].[BayId], [b].[BayCode], [b].[BayName], [b].[BayType], [b].[CurrentQueueId], [b].[IsActive], [b].[LastUpdatedAt], [b].[MaxCapacity], [b].[Status]
FROM [slb].[Bays] AS [b]
WHERE [b].[IsActive] = CAST(1 AS bit)
2026-05-19 10:34:25.716 +07:00 [INF] Executed DbCommand (0ms) [Parameters=[@__currentQueueId_0='?' (DbType = Guid)], CommandType='"Text"', CommandTimeout='30']
SELECT TOP(1) [l].[JobId], [l].[ActualWeight], [l].[BayId], [l].[CompletedAt], [l].[CreatedAt], [l].[CreatedBy], [l].[DriverId], [l].[FailReason], [l].[JobCode], [l].[OrderId], [l].[OrderItemId], [l].[ProductId], [l].[SiloId], [l].[StartedAt], [l].[Status], [l].[TargetWeight], [l].[TolerancePct], [l].[TruckId], [l].[UpdatedAt], [t].[TruckId], [t].[CompanyName], [t].[CreatedAt], [t].[IsActive], [t].[LicensePlate], [t].[MaxCapacity], [t].[TruckType], [t].[UpdatedAt], [d].[DriverId], [d].[CreatedAt], [d].[FullName], [d].[IsActive], [d].[LicenseExpiry], [d].[LicenseNo], [d].[Phone], [p].[ProductId], [p].[CreatedAt], [p].[CriticalStock], [p].[IsActive], [p].[MaxStock], [p].[MinStock], [p].[ProductCode], [p].[ProductName], [p].[Unit]
FROM [slb].[LoadJobs] AS [l]
INNER JOIN [slb].[Trucks] AS [t] ON [l].[TruckId] = [t].[TruckId]
INNER JOIN [slb].[Drivers] AS [d] ON [l].[DriverId] = [d].[DriverId]
INNER JOIN [slb].[Products] AS [p] ON [l].[ProductId] = [p].[ProductId]
WHERE [l].[Status] NOT IN (N'COMPLETED', N'FAILED', N'CANCELLED') AND EXISTS (
    SELECT 1
    FROM [slb].[LoadQueues] AS [l0]
    WHERE [l0].[QueueId] = @__currentQueueId_0 AND [l0].[OrderId] = [l].[OrderId])
2026-05-19 10:34:25.717 +07:00 [INF] Executed DbCommand (0ms) [Parameters=[@__currentQueueId_0='?' (DbType = Guid)], CommandType='"Text"', CommandTimeout='30']
SELECT TOP(1) [l].[JobId], [l].[ActualWeight], [l].[BayId], [l].[CompletedAt], [l].[CreatedAt], [l].[CreatedBy], [l].[DriverId], [l].[FailReason], [l].[JobCode], [l].[OrderId], [l].[OrderItemId], [l].[ProductId], [l].[SiloId], [l].[StartedAt], [l].[Status], [l].[TargetWeight], [l].[TolerancePct], [l].[TruckId], [l].[UpdatedAt], [t].[TruckId], [t].[CompanyName], [t].[CreatedAt], [t].[IsActive], [t].[LicensePlate], [t].[MaxCapacity], [t].[TruckType], [t].[UpdatedAt], [d].[DriverId], [d].[CreatedAt], [d].[FullName], [d].[IsActive], [d].[LicenseExpiry], [d].[LicenseNo], [d].[Phone], [p].[ProductId], [p].[CreatedAt], [p].[CriticalStock], [p].[IsActive], [p].[MaxStock], [p].[MinStock], [p].[ProductCode], [p].[ProductName], [p].[Unit]
FROM [slb].[LoadJobs] AS [l]
INNER JOIN [slb].[Trucks] AS [t] ON [l].[TruckId] = [t].[TruckId]
INNER JOIN [slb].[Drivers] AS [d] ON [l].[DriverId] = [d].[DriverId]
INNER JOIN [slb].[Products] AS [p] ON [l].[ProductId] = [p].[ProductId]
WHERE [l].[Status] NOT IN (N'COMPLETED', N'FAILED', N'CANCELLED') AND EXISTS (
    SELECT 1
    FROM [slb].[LoadQueues] AS [l0]
    WHERE [l0].[QueueId] = @__currentQueueId_0 AND [l0].[OrderId] = [l].[OrderId])
2026-05-19 10:34:25.717 +07:00 [INF] Executing OkObjectResult, writing value of type 'SmartLoadBulk.Core.DTOs.Common.ApiResponse`1[[System.Collections.Generic.List`1[[SmartLoadBulk.Core.DTOs.Loading.BayStatusDto, SmartLoadBulk.Core, Version=1.0.0.0, Culture=neutral, PublicKeyToken=null]], System.Private.CoreLib, Version=9.0.0.0, Culture=neutral, PublicKeyToken=7cec85d7bea7798e]]'.
2026-05-19 10:34:25.717 +07:00 [INF] Executed action SmartLoadBulk.API.Controllers.LoadingJobController.GetAllBays (SmartLoadBulk.API) in 4.4454ms
2026-05-19 10:34:25.717 +07:00 [INF] Executed endpoint 'SmartLoadBulk.API.Controllers.LoadingJobController.GetAllBays (SmartLoadBulk.API)'
2026-05-19 10:34:25.717 +07:00 [INF] HTTP GET /api/bays responded 200 in 4.9098 ms
2026-05-19 10:34:25.718 +07:00 [INF] Request finished HTTP/1.1 GET http://localhost:5215/api/bays - 200 null application/json; charset=utf-8 5.0565ms
2026-05-19 10:34:25.722 +07:00 [INF] Request starting HTTP/1.1 GET http://localhost:5215/hubs/loading?id=wB9X163mqKrXhaZlI4WmLg&access_token=eyJhbGciOiJIUzI1NiIsInR5cCI6IkpXVCJ9.eyJzdWIiOiJhMDAwMDAwMS0wMDAwLTAwMDAtMDAwMC0wMDAwMDAwMDAwMDEiLCJ1bmlxdWVfbmFtZSI6ImFkbWluIiwiaHR0cDovL3NjaGVtYXMubWljcm9zb2Z0LmNvbS93cy8yMDA4LzA2L2lkZW50aXR5L2NsYWltcy9yb2xlIjoiQURNSU4iLCJqdGkiOiI0NGQ3MzNkMy1kM2VhLTQ3MjktOTg4OS1kZGE5ZTFhNGM0ZmMiLCJleHAiOjE3NzkxOTA0MTgsImlzcyI6IlNtYXJ0TG9hZEJ1bGsuQVBJIiwiYXVkIjoiU21hcnRMb2FkQnVsay5DbGllbnQifQ.JC3TinZzok8yKvX-EUy10PuPHK5yvsyu95N_LfGwIjk - null null
2026-05-19 10:34:25.722 +07:00 [INF] CORS policy execution successful.
2026-05-19 10:34:25.722 +07:00 [INF] Executing endpoint '/hubs/loading'
2026-05-19 10:34:25.727 +07:00 [INF] Request starting HTTP/1.1 GET http://localhost:5215/api/bays - null null
2026-05-19 10:34:25.727 +07:00 [INF] Executing endpoint 'SmartLoadBulk.API.Controllers.LoadingJobController.GetAllBays (SmartLoadBulk.API)'
2026-05-19 10:34:25.727 +07:00 [INF] Route matched with {action = "GetAllBays", controller = "LoadingJob"}. Executing controller action with signature System.Threading.Tasks.Task`1[Microsoft.AspNetCore.Mvc.ActionResult`1[SmartLoadBulk.Core.DTOs.Common.ApiResponse`1[System.Collections.Generic.List`1[SmartLoadBulk.Core.DTOs.Loading.BayStatusDto]]]] GetAllBays() on controller SmartLoadBulk.API.Controllers.LoadingJobController (SmartLoadBulk.API).
2026-05-19 10:34:25.728 +07:00 [INF] Executed DbCommand (0ms) [Parameters=[], CommandType='"Text"', CommandTimeout='30']
SELECT [b].[BayId], [b].[BayCode], [b].[BayName], [b].[BayType], [b].[CurrentQueueId], [b].[IsActive], [b].[LastUpdatedAt], [b].[MaxCapacity], [b].[Status]
FROM [slb].[Bays] AS [b]
WHERE [b].[IsActive] = CAST(1 AS bit)
2026-05-19 10:34:25.729 +07:00 [INF] Executed DbCommand (1ms) [Parameters=[@__currentQueueId_0='?' (DbType = Guid)], CommandType='"Text"', CommandTimeout='30']
SELECT TOP(1) [l].[JobId], [l].[ActualWeight], [l].[BayId], [l].[CompletedAt], [l].[CreatedAt], [l].[CreatedBy], [l].[DriverId], [l].[FailReason], [l].[JobCode], [l].[OrderId], [l].[OrderItemId], [l].[ProductId], [l].[SiloId], [l].[StartedAt], [l].[Status], [l].[TargetWeight], [l].[TolerancePct], [l].[TruckId], [l].[UpdatedAt], [t].[TruckId], [t].[CompanyName], [t].[CreatedAt], [t].[IsActive], [t].[LicensePlate], [t].[MaxCapacity], [t].[TruckType], [t].[UpdatedAt], [d].[DriverId], [d].[CreatedAt], [d].[FullName], [d].[IsActive], [d].[LicenseExpiry], [d].[LicenseNo], [d].[Phone], [p].[ProductId], [p].[CreatedAt], [p].[CriticalStock], [p].[IsActive], [p].[MaxStock], [p].[MinStock], [p].[ProductCode], [p].[ProductName], [p].[Unit]
FROM [slb].[LoadJobs] AS [l]
INNER JOIN [slb].[Trucks] AS [t] ON [l].[TruckId] = [t].[TruckId]
INNER JOIN [slb].[Drivers] AS [d] ON [l].[DriverId] = [d].[DriverId]
INNER JOIN [slb].[Products] AS [p] ON [l].[ProductId] = [p].[ProductId]
WHERE [l].[Status] NOT IN (N'COMPLETED', N'FAILED', N'CANCELLED') AND EXISTS (
    SELECT 1
    FROM [slb].[LoadQueues] AS [l0]
    WHERE [l0].[QueueId] = @__currentQueueId_0 AND [l0].[OrderId] = [l].[OrderId])
2026-05-19 10:34:25.730 +07:00 [INF] Executed DbCommand (1ms) [Parameters=[@__currentQueueId_0='?' (DbType = Guid)], CommandType='"Text"', CommandTimeout='30']
SELECT TOP(1) [l].[JobId], [l].[ActualWeight], [l].[BayId], [l].[CompletedAt], [l].[CreatedAt], [l].[CreatedBy], [l].[DriverId], [l].[FailReason], [l].[JobCode], [l].[OrderId], [l].[OrderItemId], [l].[ProductId], [l].[SiloId], [l].[StartedAt], [l].[Status], [l].[TargetWeight], [l].[TolerancePct], [l].[TruckId], [l].[UpdatedAt], [t].[TruckId], [t].[CompanyName], [t].[CreatedAt], [t].[IsActive], [t].[LicensePlate], [t].[MaxCapacity], [t].[TruckType], [t].[UpdatedAt], [d].[DriverId], [d].[CreatedAt], [d].[FullName], [d].[IsActive], [d].[LicenseExpiry], [d].[LicenseNo], [d].[Phone], [p].[ProductId], [p].[CreatedAt], [p].[CriticalStock], [p].[IsActive], [p].[MaxStock], [p].[MinStock], [p].[ProductCode], [p].[ProductName], [p].[Unit]
FROM [slb].[LoadJobs] AS [l]
INNER JOIN [slb].[Trucks] AS [t] ON [l].[TruckId] = [t].[TruckId]
INNER JOIN [slb].[Drivers] AS [d] ON [l].[DriverId] = [d].[DriverId]
INNER JOIN [slb].[Products] AS [p] ON [l].[ProductId] = [p].[ProductId]
WHERE [l].[Status] NOT IN (N'COMPLETED', N'FAILED', N'CANCELLED') AND EXISTS (
    SELECT 1
    FROM [slb].[LoadQueues] AS [l0]
    WHERE [l0].[QueueId] = @__currentQueueId_0 AND [l0].[OrderId] = [l].[OrderId])
2026-05-19 10:34:25.731 +07:00 [INF] Executing OkObjectResult, writing value of type 'SmartLoadBulk.Core.DTOs.Common.ApiResponse`1[[System.Collections.Generic.List`1[[SmartLoadBulk.Core.DTOs.Loading.BayStatusDto, SmartLoadBulk.Core, Version=1.0.0.0, Culture=neutral, PublicKeyToken=null]], System.Private.CoreLib, Version=9.0.0.0, Culture=neutral, PublicKeyToken=7cec85d7bea7798e]]'.
2026-05-19 10:34:25.731 +07:00 [INF] Executed action SmartLoadBulk.API.Controllers.LoadingJobController.GetAllBays (SmartLoadBulk.API) in 3.9875ms
2026-05-19 10:34:25.731 +07:00 [INF] Executed endpoint 'SmartLoadBulk.API.Controllers.LoadingJobController.GetAllBays (SmartLoadBulk.API)'
2026-05-19 10:34:25.731 +07:00 [INF] HTTP GET /api/bays responded 200 in 4.4483 ms
2026-05-19 10:34:25.731 +07:00 [INF] Request finished HTTP/1.1 GET http://localhost:5215/api/bays - 200 null application/json; charset=utf-8 4.6682ms
2026-05-19 10:34:30.166 +07:00 [INF] Request starting HTTP/1.1 POST http://localhost:5215/hubs/loading/negotiate?negotiateVersion=1 - null 0
2026-05-19 10:34:30.167 +07:00 [INF] CORS policy execution successful.
2026-05-19 10:34:30.167 +07:00 [INF] Request starting HTTP/1.1 POST http://localhost:5215/hubs/loading/negotiate?negotiateVersion=1 - null 0
2026-05-19 10:34:30.167 +07:00 [INF] CORS policy execution successful.
2026-05-19 10:34:30.167 +07:00 [INF] Executing endpoint '/hubs/loading/negotiate'
2026-05-19 10:34:30.167 +07:00 [INF] Executing endpoint '/hubs/loading/negotiate'
2026-05-19 10:34:30.167 +07:00 [INF] Executed endpoint '/hubs/loading/negotiate'
2026-05-19 10:34:30.167 +07:00 [INF] Executed endpoint '/hubs/loading/negotiate'
2026-05-19 10:34:30.167 +07:00 [INF] HTTP POST /hubs/loading/negotiate responded 200 in 0.7534 ms
2026-05-19 10:34:30.167 +07:00 [INF] HTTP POST /hubs/loading/negotiate responded 200 in 0.8543 ms
2026-05-19 10:34:30.167 +07:00 [INF] Request finished HTTP/1.1 POST http://localhost:5215/hubs/loading/negotiate?negotiateVersion=1 - 200 316 application/json 0.9173ms
2026-05-19 10:34:30.167 +07:00 [INF] Request finished HTTP/1.1 POST http://localhost:5215/hubs/loading/negotiate?negotiateVersion=1 - 200 316 application/json 1.0424ms
2026-05-19 10:34:30.171 +07:00 [INF] Request starting HTTP/1.1 GET http://localhost:5215/api/bays - null null
2026-05-19 10:34:30.171 +07:00 [INF] Executing endpoint 'SmartLoadBulk.API.Controllers.LoadingJobController.GetAllBays (SmartLoadBulk.API)'
2026-05-19 10:34:30.171 +07:00 [INF] Route matched with {action = "GetAllBays", controller = "LoadingJob"}. Executing controller action with signature System.Threading.Tasks.Task`1[Microsoft.AspNetCore.Mvc.ActionResult`1[SmartLoadBulk.Core.DTOs.Common.ApiResponse`1[System.Collections.Generic.List`1[SmartLoadBulk.Core.DTOs.Loading.BayStatusDto]]]] GetAllBays() on controller SmartLoadBulk.API.Controllers.LoadingJobController (SmartLoadBulk.API).
2026-05-19 10:34:30.173 +07:00 [INF] Executed DbCommand (1ms) [Parameters=[], CommandType='"Text"', CommandTimeout='30']
SELECT [b].[BayId], [b].[BayCode], [b].[BayName], [b].[BayType], [b].[CurrentQueueId], [b].[IsActive], [b].[LastUpdatedAt], [b].[MaxCapacity], [b].[Status]
FROM [slb].[Bays] AS [b]
WHERE [b].[IsActive] = CAST(1 AS bit)
2026-05-19 10:34:30.176 +07:00 [INF] Executed DbCommand (2ms) [Parameters=[@__currentQueueId_0='?' (DbType = Guid)], CommandType='"Text"', CommandTimeout='30']
SELECT TOP(1) [l].[JobId], [l].[ActualWeight], [l].[BayId], [l].[CompletedAt], [l].[CreatedAt], [l].[CreatedBy], [l].[DriverId], [l].[FailReason], [l].[JobCode], [l].[OrderId], [l].[OrderItemId], [l].[ProductId], [l].[SiloId], [l].[StartedAt], [l].[Status], [l].[TargetWeight], [l].[TolerancePct], [l].[TruckId], [l].[UpdatedAt], [t].[TruckId], [t].[CompanyName], [t].[CreatedAt], [t].[IsActive], [t].[LicensePlate], [t].[MaxCapacity], [t].[TruckType], [t].[UpdatedAt], [d].[DriverId], [d].[CreatedAt], [d].[FullName], [d].[IsActive], [d].[LicenseExpiry], [d].[LicenseNo], [d].[Phone], [p].[ProductId], [p].[CreatedAt], [p].[CriticalStock], [p].[IsActive], [p].[MaxStock], [p].[MinStock], [p].[ProductCode], [p].[ProductName], [p].[Unit]
FROM [slb].[LoadJobs] AS [l]
INNER JOIN [slb].[Trucks] AS [t] ON [l].[TruckId] = [t].[TruckId]
INNER JOIN [slb].[Drivers] AS [d] ON [l].[DriverId] = [d].[DriverId]
INNER JOIN [slb].[Products] AS [p] ON [l].[ProductId] = [p].[ProductId]
WHERE [l].[Status] NOT IN (N'COMPLETED', N'FAILED', N'CANCELLED') AND EXISTS (
    SELECT 1
    FROM [slb].[LoadQueues] AS [l0]
    WHERE [l0].[QueueId] = @__currentQueueId_0 AND [l0].[OrderId] = [l].[OrderId])
2026-05-19 10:34:30.178 +07:00 [INF] Executed DbCommand (1ms) [Parameters=[@__currentQueueId_0='?' (DbType = Guid)], CommandType='"Text"', CommandTimeout='30']
SELECT TOP(1) [l].[JobId], [l].[ActualWeight], [l].[BayId], [l].[CompletedAt], [l].[CreatedAt], [l].[CreatedBy], [l].[DriverId], [l].[FailReason], [l].[JobCode], [l].[OrderId], [l].[OrderItemId], [l].[ProductId], [l].[SiloId], [l].[StartedAt], [l].[Status], [l].[TargetWeight], [l].[TolerancePct], [l].[TruckId], [l].[UpdatedAt], [t].[TruckId], [t].[CompanyName], [t].[CreatedAt], [t].[IsActive], [t].[LicensePlate], [t].[MaxCapacity], [t].[TruckType], [t].[UpdatedAt], [d].[DriverId], [d].[CreatedAt], [d].[FullName], [d].[IsActive], [d].[LicenseExpiry], [d].[LicenseNo], [d].[Phone], [p].[ProductId], [p].[CreatedAt], [p].[CriticalStock], [p].[IsActive], [p].[MaxStock], [p].[MinStock], [p].[ProductCode], [p].[ProductName], [p].[Unit]
FROM [slb].[LoadJobs] AS [l]
INNER JOIN [slb].[Trucks] AS [t] ON [l].[TruckId] = [t].[TruckId]
INNER JOIN [slb].[Drivers] AS [d] ON [l].[DriverId] = [d].[DriverId]
INNER JOIN [slb].[Products] AS [p] ON [l].[ProductId] = [p].[ProductId]
WHERE [l].[Status] NOT IN (N'COMPLETED', N'FAILED', N'CANCELLED') AND EXISTS (
    SELECT 1
    FROM [slb].[LoadQueues] AS [l0]
    WHERE [l0].[QueueId] = @__currentQueueId_0 AND [l0].[OrderId] = [l].[OrderId])
2026-05-19 10:34:30.179 +07:00 [INF] Executing OkObjectResult, writing value of type 'SmartLoadBulk.Core.DTOs.Common.ApiResponse`1[[System.Collections.Generic.List`1[[SmartLoadBulk.Core.DTOs.Loading.BayStatusDto, SmartLoadBulk.Core, Version=1.0.0.0, Culture=neutral, PublicKeyToken=null]], System.Private.CoreLib, Version=9.0.0.0, Culture=neutral, PublicKeyToken=7cec85d7bea7798e]]'.
2026-05-19 10:34:30.179 +07:00 [INF] Executed action SmartLoadBulk.API.Controllers.LoadingJobController.GetAllBays (SmartLoadBulk.API) in 7.9442ms
2026-05-19 10:34:30.179 +07:00 [INF] Executed endpoint 'SmartLoadBulk.API.Controllers.LoadingJobController.GetAllBays (SmartLoadBulk.API)'
2026-05-19 10:34:30.179 +07:00 [INF] HTTP GET /api/bays responded 200 in 8.3071 ms
2026-05-19 10:34:30.179 +07:00 [INF] Request finished HTTP/1.1 GET http://localhost:5215/api/bays - 200 null application/json; charset=utf-8 8.5355ms
2026-05-19 10:34:30.188 +07:00 [INF] Request starting HTTP/1.1 GET http://localhost:5215/hubs/loading?id=SvZCH5e75rE8Ai3eVinhKQ&access_token=eyJhbGciOiJIUzI1NiIsInR5cCI6IkpXVCJ9.eyJzdWIiOiJhMDAwMDAwMS0wMDAwLTAwMDAtMDAwMC0wMDAwMDAwMDAwMDEiLCJ1bmlxdWVfbmFtZSI6ImFkbWluIiwiaHR0cDovL3NjaGVtYXMubWljcm9zb2Z0LmNvbS93cy8yMDA4LzA2L2lkZW50aXR5L2NsYWltcy9yb2xlIjoiQURNSU4iLCJqdGkiOiI0NGQ3MzNkMy1kM2VhLTQ3MjktOTg4OS1kZGE5ZTFhNGM0ZmMiLCJleHAiOjE3NzkxOTA0MTgsImlzcyI6IlNtYXJ0TG9hZEJ1bGsuQVBJIiwiYXVkIjoiU21hcnRMb2FkQnVsay5DbGllbnQifQ.JC3TinZzok8yKvX-EUy10PuPHK5yvsyu95N_LfGwIjk - null null
2026-05-19 10:34:30.188 +07:00 [INF] CORS policy execution successful.
2026-05-19 10:34:30.188 +07:00 [INF] Executing endpoint '/hubs/loading'
2026-05-19 10:34:30.188 +07:00 [INF] Request starting HTTP/1.1 GET http://localhost:5215/api/bays - null null
2026-05-19 10:34:30.188 +07:00 [INF] Executing endpoint 'SmartLoadBulk.API.Controllers.LoadingJobController.GetAllBays (SmartLoadBulk.API)'
2026-05-19 10:34:30.188 +07:00 [INF] Route matched with {action = "GetAllBays", controller = "LoadingJob"}. Executing controller action with signature System.Threading.Tasks.Task`1[Microsoft.AspNetCore.Mvc.ActionResult`1[SmartLoadBulk.Core.DTOs.Common.ApiResponse`1[System.Collections.Generic.List`1[SmartLoadBulk.Core.DTOs.Loading.BayStatusDto]]]] GetAllBays() on controller SmartLoadBulk.API.Controllers.LoadingJobController (SmartLoadBulk.API).
2026-05-19 10:34:30.190 +07:00 [INF] Executed DbCommand (1ms) [Parameters=[], CommandType='"Text"', CommandTimeout='30']
SELECT [b].[BayId], [b].[BayCode], [b].[BayName], [b].[BayType], [b].[CurrentQueueId], [b].[IsActive], [b].[LastUpdatedAt], [b].[MaxCapacity], [b].[Status]
FROM [slb].[Bays] AS [b]
WHERE [b].[IsActive] = CAST(1 AS bit)
2026-05-19 10:34:30.191 +07:00 [INF] Executed DbCommand (1ms) [Parameters=[@__currentQueueId_0='?' (DbType = Guid)], CommandType='"Text"', CommandTimeout='30']
SELECT TOP(1) [l].[JobId], [l].[ActualWeight], [l].[BayId], [l].[CompletedAt], [l].[CreatedAt], [l].[CreatedBy], [l].[DriverId], [l].[FailReason], [l].[JobCode], [l].[OrderId], [l].[OrderItemId], [l].[ProductId], [l].[SiloId], [l].[StartedAt], [l].[Status], [l].[TargetWeight], [l].[TolerancePct], [l].[TruckId], [l].[UpdatedAt], [t].[TruckId], [t].[CompanyName], [t].[CreatedAt], [t].[IsActive], [t].[LicensePlate], [t].[MaxCapacity], [t].[TruckType], [t].[UpdatedAt], [d].[DriverId], [d].[CreatedAt], [d].[FullName], [d].[IsActive], [d].[LicenseExpiry], [d].[LicenseNo], [d].[Phone], [p].[ProductId], [p].[CreatedAt], [p].[CriticalStock], [p].[IsActive], [p].[MaxStock], [p].[MinStock], [p].[ProductCode], [p].[ProductName], [p].[Unit]
FROM [slb].[LoadJobs] AS [l]
INNER JOIN [slb].[Trucks] AS [t] ON [l].[TruckId] = [t].[TruckId]
INNER JOIN [slb].[Drivers] AS [d] ON [l].[DriverId] = [d].[DriverId]
INNER JOIN [slb].[Products] AS [p] ON [l].[ProductId] = [p].[ProductId]
WHERE [l].[Status] NOT IN (N'COMPLETED', N'FAILED', N'CANCELLED') AND EXISTS (
    SELECT 1
    FROM [slb].[LoadQueues] AS [l0]
    WHERE [l0].[QueueId] = @__currentQueueId_0 AND [l0].[OrderId] = [l].[OrderId])
2026-05-19 10:34:30.193 +07:00 [INF] Executed DbCommand (1ms) [Parameters=[@__currentQueueId_0='?' (DbType = Guid)], CommandType='"Text"', CommandTimeout='30']
SELECT TOP(1) [l].[JobId], [l].[ActualWeight], [l].[BayId], [l].[CompletedAt], [l].[CreatedAt], [l].[CreatedBy], [l].[DriverId], [l].[FailReason], [l].[JobCode], [l].[OrderId], [l].[OrderItemId], [l].[ProductId], [l].[SiloId], [l].[StartedAt], [l].[Status], [l].[TargetWeight], [l].[TolerancePct], [l].[TruckId], [l].[UpdatedAt], [t].[TruckId], [t].[CompanyName], [t].[CreatedAt], [t].[IsActive], [t].[LicensePlate], [t].[MaxCapacity], [t].[TruckType], [t].[UpdatedAt], [d].[DriverId], [d].[CreatedAt], [d].[FullName], [d].[IsActive], [d].[LicenseExpiry], [d].[LicenseNo], [d].[Phone], [p].[ProductId], [p].[CreatedAt], [p].[CriticalStock], [p].[IsActive], [p].[MaxStock], [p].[MinStock], [p].[ProductCode], [p].[ProductName], [p].[Unit]
FROM [slb].[LoadJobs] AS [l]
INNER JOIN [slb].[Trucks] AS [t] ON [l].[TruckId] = [t].[TruckId]
INNER JOIN [slb].[Drivers] AS [d] ON [l].[DriverId] = [d].[DriverId]
INNER JOIN [slb].[Products] AS [p] ON [l].[ProductId] = [p].[ProductId]
WHERE [l].[Status] NOT IN (N'COMPLETED', N'FAILED', N'CANCELLED') AND EXISTS (
    SELECT 1
    FROM [slb].[LoadQueues] AS [l0]
    WHERE [l0].[QueueId] = @__currentQueueId_0 AND [l0].[OrderId] = [l].[OrderId])
2026-05-19 10:34:30.193 +07:00 [INF] Executing OkObjectResult, writing value of type 'SmartLoadBulk.Core.DTOs.Common.ApiResponse`1[[System.Collections.Generic.List`1[[SmartLoadBulk.Core.DTOs.Loading.BayStatusDto, SmartLoadBulk.Core, Version=1.0.0.0, Culture=neutral, PublicKeyToken=null]], System.Private.CoreLib, Version=9.0.0.0, Culture=neutral, PublicKeyToken=7cec85d7bea7798e]]'.
2026-05-19 10:34:30.193 +07:00 [INF] Executed action SmartLoadBulk.API.Controllers.LoadingJobController.GetAllBays (SmartLoadBulk.API) in 4.8199ms
2026-05-19 10:34:30.193 +07:00 [INF] Executed endpoint 'SmartLoadBulk.API.Controllers.LoadingJobController.GetAllBays (SmartLoadBulk.API)'
2026-05-19 10:34:30.193 +07:00 [INF] HTTP GET /api/bays responded 200 in 5.1883 ms
2026-05-19 10:34:30.193 +07:00 [INF] Request finished HTTP/1.1 GET http://localhost:5215/api/bays - 200 null application/json; charset=utf-8 5.4171ms
2026-05-19 10:34:46.038 +07:00 [INF] Executed endpoint '/hubs/loading'
2026-05-19 10:34:46.038 +07:00 [INF] HTTP GET /hubs/loading responded 101 in 15850.6374 ms
2026-05-19 10:34:46.038 +07:00 [INF] Request finished HTTP/1.1 GET http://localhost:5215/hubs/loading?id=SvZCH5e75rE8Ai3eVinhKQ&access_token=eyJhbGciOiJIUzI1NiIsInR5cCI6IkpXVCJ9.eyJzdWIiOiJhMDAwMDAwMS0wMDAwLTAwMDAtMDAwMC0wMDAwMDAwMDAwMDEiLCJ1bmlxdWVfbmFtZSI6ImFkbWluIiwiaHR0cDovL3NjaGVtYXMubWljcm9zb2Z0LmNvbS93cy8yMDA4LzA2L2lkZW50aXR5L2NsYWltcy9yb2xlIjoiQURNSU4iLCJqdGkiOiI0NGQ3MzNkMy1kM2VhLTQ3MjktOTg4OS1kZGE5ZTFhNGM0ZmMiLCJleHAiOjE3NzkxOTA0MTgsImlzcyI6IlNtYXJ0TG9hZEJ1bGsuQVBJIiwiYXVkIjoiU21hcnRMb2FkQnVsay5DbGllbnQifQ.JC3TinZzok8yKvX-EUy10PuPHK5yvsyu95N_LfGwIjk - 101 null null 15850.7758ms
2026-05-19 10:34:48.887 +07:00 [INF] Executed endpoint '/hubs/loading'
2026-05-19 10:34:48.887 +07:00 [INF] HTTP GET /hubs/loading responded 101 in 23165.0531 ms
2026-05-19 10:34:48.887 +07:00 [INF] Request finished HTTP/1.1 GET http://localhost:5215/hubs/loading?id=wB9X163mqKrXhaZlI4WmLg&access_token=eyJhbGciOiJIUzI1NiIsInR5cCI6IkpXVCJ9.eyJzdWIiOiJhMDAwMDAwMS0wMDAwLTAwMDAtMDAwMC0wMDAwMDAwMDAwMDEiLCJ1bmlxdWVfbmFtZSI6ImFkbWluIiwiaHR0cDovL3NjaGVtYXMubWljcm9zb2Z0LmNvbS93cy8yMDA4LzA2L2lkZW50aXR5L2NsYWltcy9yb2xlIjoiQURNSU4iLCJqdGkiOiI0NGQ3MzNkMy1kM2VhLTQ3MjktOTg4OS1kZGE5ZTFhNGM0ZmMiLCJleHAiOjE3NzkxOTA0MTgsImlzcyI6IlNtYXJ0TG9hZEJ1bGsuQVBJIiwiYXVkIjoiU21hcnRMb2FkQnVsay5DbGllbnQifQ.JC3TinZzok8yKvX-EUy10PuPHK5yvsyu95N_LfGwIjk - 101 null null 23165.1967ms
2026-05-19 10:34:48.894 +07:00 [INF] Request starting HTTP/1.1 GET http://localhost:5215/api/analytics/performance?from=2026-05-12&to=2026-05-19 - null null
2026-05-19 10:34:48.894 +07:00 [INF] Executing endpoint 'SmartLoadBulk.API.Controllers.PerformanceController.GetPerformance (SmartLoadBulk.API)'
2026-05-19 10:34:48.897 +07:00 [INF] Route matched with {action = "GetPerformance", controller = "Performance"}. Executing controller action with signature System.Threading.Tasks.Task`1[Microsoft.AspNetCore.Mvc.ActionResult`1[SmartLoadBulk.Core.DTOs.Common.ApiResponse`1[SmartLoadBulk.Core.DTOs.Analytics.PerformanceDashboardDto]]] GetPerformance(System.Nullable`1[System.DateTime], System.Nullable`1[System.DateTime], System.String) on controller SmartLoadBulk.API.Controllers.PerformanceController (SmartLoadBulk.API).
2026-05-19 10:34:49.004 +07:00 [INF] Executing OkObjectResult, writing value of type 'SmartLoadBulk.Core.DTOs.Common.ApiResponse`1[[SmartLoadBulk.Core.DTOs.Analytics.PerformanceDashboardDto, SmartLoadBulk.Core, Version=1.0.0.0, Culture=neutral, PublicKeyToken=null]]'.
2026-05-19 10:34:49.014 +07:00 [INF] Executed action SmartLoadBulk.API.Controllers.PerformanceController.GetPerformance (SmartLoadBulk.API) in 116.7951ms
2026-05-19 10:34:49.014 +07:00 [INF] Executed endpoint 'SmartLoadBulk.API.Controllers.PerformanceController.GetPerformance (SmartLoadBulk.API)'
2026-05-19 10:34:49.014 +07:00 [INF] HTTP GET /api/analytics/performance responded 200 in 119.9847 ms
2026-05-19 10:34:49.014 +07:00 [INF] Request finished HTTP/1.1 GET http://localhost:5215/api/analytics/performance?from=2026-05-12&to=2026-05-19 - 200 null application/json; charset=utf-8 120.1604ms
2026-05-19 10:34:49.025 +07:00 [INF] Request starting HTTP/1.1 GET http://localhost:5215/api/analytics/performance?from=2026-05-12&to=2026-05-19 - null null
2026-05-19 10:34:49.025 +07:00 [INF] Executing endpoint 'SmartLoadBulk.API.Controllers.PerformanceController.GetPerformance (SmartLoadBulk.API)'
2026-05-19 10:34:49.025 +07:00 [INF] Route matched with {action = "GetPerformance", controller = "Performance"}. Executing controller action with signature System.Threading.Tasks.Task`1[Microsoft.AspNetCore.Mvc.ActionResult`1[SmartLoadBulk.Core.DTOs.Common.ApiResponse`1[SmartLoadBulk.Core.DTOs.Analytics.PerformanceDashboardDto]]] GetPerformance(System.Nullable`1[System.DateTime], System.Nullable`1[System.DateTime], System.String) on controller SmartLoadBulk.API.Controllers.PerformanceController (SmartLoadBulk.API).
2026-05-19 10:34:49.028 +07:00 [INF] Executing OkObjectResult, writing value of type 'SmartLoadBulk.Core.DTOs.Common.ApiResponse`1[[SmartLoadBulk.Core.DTOs.Analytics.PerformanceDashboardDto, SmartLoadBulk.Core, Version=1.0.0.0, Culture=neutral, PublicKeyToken=null]]'.
2026-05-19 10:34:49.029 +07:00 [INF] Executed action SmartLoadBulk.API.Controllers.PerformanceController.GetPerformance (SmartLoadBulk.API) in 3.2616ms
2026-05-19 10:34:49.029 +07:00 [INF] Executed endpoint 'SmartLoadBulk.API.Controllers.PerformanceController.GetPerformance (SmartLoadBulk.API)'
2026-05-19 10:34:49.029 +07:00 [INF] HTTP GET /api/analytics/performance responded 200 in 3.6889 ms
2026-05-19 10:34:49.029 +07:00 [INF] Request finished HTTP/1.1 GET http://localhost:5215/api/analytics/performance?from=2026-05-12&to=2026-05-19 - 200 null application/json; charset=utf-8 3.8583ms
2026-05-19 10:34:52.968 +07:00 [INF] Request starting HTTP/1.1 GET http://localhost:5215/api/analytics/loss-yield?from=2026-05-12&to=2026-05-19 - null null
2026-05-19 10:34:52.968 +07:00 [INF] Executing endpoint 'SmartLoadBulk.API.Controllers.LossYieldController.GetLossYield (SmartLoadBulk.API)'
2026-05-19 10:34:52.975 +07:00 [INF] Route matched with {action = "GetLossYield", controller = "LossYield"}. Executing controller action with signature System.Threading.Tasks.Task`1[Microsoft.AspNetCore.Mvc.ActionResult`1[SmartLoadBulk.Core.DTOs.Common.ApiResponse`1[SmartLoadBulk.Core.DTOs.Analytics.LossYieldDashboardDto]]] GetLossYield(System.Nullable`1[System.DateTime], System.Nullable`1[System.DateTime], System.String) on controller SmartLoadBulk.API.Controllers.LossYieldController (SmartLoadBulk.API).
2026-05-19 10:34:53.036 +07:00 [INF] Executing OkObjectResult, writing value of type 'SmartLoadBulk.Core.DTOs.Common.ApiResponse`1[[SmartLoadBulk.Core.DTOs.Analytics.LossYieldDashboardDto, SmartLoadBulk.Core, Version=1.0.0.0, Culture=neutral, PublicKeyToken=null]]'.
2026-05-19 10:34:53.040 +07:00 [INF] Executed action SmartLoadBulk.API.Controllers.LossYieldController.GetLossYield (SmartLoadBulk.API) in 65.5354ms
2026-05-19 10:34:53.040 +07:00 [INF] Executed endpoint 'SmartLoadBulk.API.Controllers.LossYieldController.GetLossYield (SmartLoadBulk.API)'
2026-05-19 10:34:53.040 +07:00 [INF] HTTP GET /api/analytics/loss-yield responded 200 in 72.5202 ms
2026-05-19 10:34:53.040 +07:00 [INF] Request finished HTTP/1.1 GET http://localhost:5215/api/analytics/loss-yield?from=2026-05-12&to=2026-05-19 - 200 null application/json; charset=utf-8 72.8575ms
2026-05-19 10:34:53.047 +07:00 [INF] Request starting HTTP/1.1 GET http://localhost:5215/api/analytics/loss-yield?from=2026-05-12&to=2026-05-19 - null null
2026-05-19 10:34:53.047 +07:00 [INF] Executing endpoint 'SmartLoadBulk.API.Controllers.LossYieldController.GetLossYield (SmartLoadBulk.API)'
2026-05-19 10:34:53.047 +07:00 [INF] Route matched with {action = "GetLossYield", controller = "LossYield"}. Executing controller action with signature System.Threading.Tasks.Task`1[Microsoft.AspNetCore.Mvc.ActionResult`1[SmartLoadBulk.Core.DTOs.Common.ApiResponse`1[SmartLoadBulk.Core.DTOs.Analytics.LossYieldDashboardDto]]] GetLossYield(System.Nullable`1[System.DateTime], System.Nullable`1[System.DateTime], System.String) on controller SmartLoadBulk.API.Controllers.LossYieldController (SmartLoadBulk.API).
2026-05-19 10:34:53.050 +07:00 [INF] Executing OkObjectResult, writing value of type 'SmartLoadBulk.Core.DTOs.Common.ApiResponse`1[[SmartLoadBulk.Core.DTOs.Analytics.LossYieldDashboardDto, SmartLoadBulk.Core, Version=1.0.0.0, Culture=neutral, PublicKeyToken=null]]'.
2026-05-19 10:34:53.050 +07:00 [INF] Executed action SmartLoadBulk.API.Controllers.LossYieldController.GetLossYield (SmartLoadBulk.API) in 2.9505ms
2026-05-19 10:34:53.050 +07:00 [INF] Executed endpoint 'SmartLoadBulk.API.Controllers.LossYieldController.GetLossYield (SmartLoadBulk.API)'
2026-05-19 10:34:53.050 +07:00 [INF] HTTP GET /api/analytics/loss-yield responded 200 in 3.2277 ms
2026-05-19 10:34:53.050 +07:00 [INF] Request finished HTTP/1.1 GET http://localhost:5215/api/analytics/loss-yield?from=2026-05-12&to=2026-05-19 - 200 null application/json; charset=utf-8 3.3713ms
2026-05-19 10:34:57.515 +07:00 [INF] Request starting HTTP/1.1 GET http://localhost:5215/api/analytics/bay?from=2026-05-12&to=2026-05-19 - null null
2026-05-19 10:34:57.516 +07:00 [INF] Executing endpoint 'SmartLoadBulk.API.Controllers.LossYieldController.GetBayPerformance (SmartLoadBulk.API)'
2026-05-19 10:34:57.520 +07:00 [INF] Route matched with {action = "GetBayPerformance", controller = "LossYield"}. Executing controller action with signature System.Threading.Tasks.Task`1[Microsoft.AspNetCore.Mvc.ActionResult`1[SmartLoadBulk.Core.DTOs.Common.ApiResponse`1[SmartLoadBulk.Core.DTOs.Analytics.BayPerformanceDashboardDto]]] GetBayPerformance(System.Nullable`1[System.DateTime], System.Nullable`1[System.DateTime], System.Nullable`1[System.Guid]) on controller SmartLoadBulk.API.Controllers.LossYieldController (SmartLoadBulk.API).
2026-05-19 10:34:57.582 +07:00 [INF] Executing OkObjectResult, writing value of type 'SmartLoadBulk.Core.DTOs.Common.ApiResponse`1[[SmartLoadBulk.Core.DTOs.Analytics.BayPerformanceDashboardDto, SmartLoadBulk.Core, Version=1.0.0.0, Culture=neutral, PublicKeyToken=null]]'.
2026-05-19 10:34:57.585 +07:00 [INF] Executed action SmartLoadBulk.API.Controllers.LossYieldController.GetBayPerformance (SmartLoadBulk.API) in 64.7626ms
2026-05-19 10:34:57.586 +07:00 [INF] Executed endpoint 'SmartLoadBulk.API.Controllers.LossYieldController.GetBayPerformance (SmartLoadBulk.API)'
2026-05-19 10:34:57.586 +07:00 [INF] HTTP GET /api/analytics/bay responded 200 in 70.3104 ms
2026-05-19 10:34:57.586 +07:00 [INF] Request finished HTTP/1.1 GET http://localhost:5215/api/analytics/bay?from=2026-05-12&to=2026-05-19 - 200 null application/json; charset=utf-8 70.7941ms
2026-05-19 10:34:57.598 +07:00 [INF] Request starting HTTP/1.1 GET http://localhost:5215/api/analytics/bay?from=2026-05-12&to=2026-05-19 - null null
2026-05-19 10:34:57.598 +07:00 [INF] Executing endpoint 'SmartLoadBulk.API.Controllers.LossYieldController.GetBayPerformance (SmartLoadBulk.API)'
2026-05-19 10:34:57.598 +07:00 [INF] Route matched with {action = "GetBayPerformance", controller = "LossYield"}. Executing controller action with signature System.Threading.Tasks.Task`1[Microsoft.AspNetCore.Mvc.ActionResult`1[SmartLoadBulk.Core.DTOs.Common.ApiResponse`1[SmartLoadBulk.Core.DTOs.Analytics.BayPerformanceDashboardDto]]] GetBayPerformance(System.Nullable`1[System.DateTime], System.Nullable`1[System.DateTime], System.Nullable`1[System.Guid]) on controller SmartLoadBulk.API.Controllers.LossYieldController (SmartLoadBulk.API).
2026-05-19 10:34:57.600 +07:00 [INF] Executing OkObjectResult, writing value of type 'SmartLoadBulk.Core.DTOs.Common.ApiResponse`1[[SmartLoadBulk.Core.DTOs.Analytics.BayPerformanceDashboardDto, SmartLoadBulk.Core, Version=1.0.0.0, Culture=neutral, PublicKeyToken=null]]'.
2026-05-19 10:34:57.600 +07:00 [INF] Executed action SmartLoadBulk.API.Controllers.LossYieldController.GetBayPerformance (SmartLoadBulk.API) in 2.1949ms
2026-05-19 10:34:57.600 +07:00 [INF] Executed endpoint 'SmartLoadBulk.API.Controllers.LossYieldController.GetBayPerformance (SmartLoadBulk.API)'
2026-05-19 10:34:57.600 +07:00 [INF] HTTP GET /api/analytics/bay responded 200 in 2.5338 ms
2026-05-19 10:34:57.600 +07:00 [INF] Request finished HTTP/1.1 GET http://localhost:5215/api/analytics/bay?from=2026-05-12&to=2026-05-19 - 200 null application/json; charset=utf-8 2.7056ms
2026-05-19 10:35:03.101 +07:00 [INF] Request starting HTTP/1.1 GET http://localhost:5215/api/analytics/turnaround?from=2026-05-12&to=2026-05-19 - null null
2026-05-19 10:35:03.102 +07:00 [INF] Executing endpoint 'SmartLoadBulk.API.Controllers.LossYieldController.GetTurnaround (SmartLoadBulk.API)'
2026-05-19 10:35:03.108 +07:00 [INF] Route matched with {action = "GetTurnaround", controller = "LossYield"}. Executing controller action with signature System.Threading.Tasks.Task`1[Microsoft.AspNetCore.Mvc.ActionResult`1[SmartLoadBulk.Core.DTOs.Common.ApiResponse`1[SmartLoadBulk.Core.DTOs.Analytics.TurnaroundDashboardDto]]] GetTurnaround(System.Nullable`1[System.DateTime], System.Nullable`1[System.DateTime]) on controller SmartLoadBulk.API.Controllers.LossYieldController (SmartLoadBulk.API).
2026-05-19 10:35:03.161 +07:00 [INF] Executing OkObjectResult, writing value of type 'SmartLoadBulk.Core.DTOs.Common.ApiResponse`1[[SmartLoadBulk.Core.DTOs.Analytics.TurnaroundDashboardDto, SmartLoadBulk.Core, Version=1.0.0.0, Culture=neutral, PublicKeyToken=null]]'.
2026-05-19 10:35:03.167 +07:00 [INF] Executed action SmartLoadBulk.API.Controllers.LossYieldController.GetTurnaround (SmartLoadBulk.API) in 59.0149ms
2026-05-19 10:35:03.167 +07:00 [INF] Executed endpoint 'SmartLoadBulk.API.Controllers.LossYieldController.GetTurnaround (SmartLoadBulk.API)'
2026-05-19 10:35:03.167 +07:00 [INF] HTTP GET /api/analytics/turnaround responded 200 in 65.5180 ms
2026-05-19 10:35:03.168 +07:00 [INF] Request finished HTTP/1.1 GET http://localhost:5215/api/analytics/turnaround?from=2026-05-12&to=2026-05-19 - 200 null application/json; charset=utf-8 66.3036ms
2026-05-19 10:35:03.178 +07:00 [INF] Request starting HTTP/1.1 GET http://localhost:5215/api/analytics/turnaround?from=2026-05-12&to=2026-05-19 - null null
2026-05-19 10:35:03.178 +07:00 [INF] Executing endpoint 'SmartLoadBulk.API.Controllers.LossYieldController.GetTurnaround (SmartLoadBulk.API)'
2026-05-19 10:35:03.178 +07:00 [INF] Route matched with {action = "GetTurnaround", controller = "LossYield"}. Executing controller action with signature System.Threading.Tasks.Task`1[Microsoft.AspNetCore.Mvc.ActionResult`1[SmartLoadBulk.Core.DTOs.Common.ApiResponse`1[SmartLoadBulk.Core.DTOs.Analytics.TurnaroundDashboardDto]]] GetTurnaround(System.Nullable`1[System.DateTime], System.Nullable`1[System.DateTime]) on controller SmartLoadBulk.API.Controllers.LossYieldController (SmartLoadBulk.API).
2026-05-19 10:35:03.181 +07:00 [INF] Executing OkObjectResult, writing value of type 'SmartLoadBulk.Core.DTOs.Common.ApiResponse`1[[SmartLoadBulk.Core.DTOs.Analytics.TurnaroundDashboardDto, SmartLoadBulk.Core, Version=1.0.0.0, Culture=neutral, PublicKeyToken=null]]'.
2026-05-19 10:35:03.181 +07:00 [INF] Executed action SmartLoadBulk.API.Controllers.LossYieldController.GetTurnaround (SmartLoadBulk.API) in 2.3559ms
2026-05-19 10:35:03.181 +07:00 [INF] Executed endpoint 'SmartLoadBulk.API.Controllers.LossYieldController.GetTurnaround (SmartLoadBulk.API)'
2026-05-19 10:35:03.181 +07:00 [INF] HTTP GET /api/analytics/turnaround responded 200 in 2.8487 ms
2026-05-19 10:35:03.181 +07:00 [INF] Request finished HTTP/1.1 GET http://localhost:5215/api/analytics/turnaround?from=2026-05-12&to=2026-05-19 - 200 null application/json; charset=utf-8 3.049ms
2026-05-19 10:35:20.849 +07:00 [INF] Request starting HTTP/1.1 POST http://localhost:5215/hubs/loading/negotiate?negotiateVersion=1 - null 0
2026-05-19 10:35:20.849 +07:00 [INF] CORS policy execution successful.
2026-05-19 10:35:20.849 +07:00 [INF] Executing endpoint '/hubs/loading/negotiate'
2026-05-19 10:35:20.849 +07:00 [INF] Executed endpoint '/hubs/loading/negotiate'
2026-05-19 10:35:20.849 +07:00 [INF] HTTP POST /hubs/loading/negotiate responded 200 in 0.4111 ms
2026-05-19 10:35:20.849 +07:00 [INF] Request finished HTTP/1.1 POST http://localhost:5215/hubs/loading/negotiate?negotiateVersion=1 - 200 316 application/json 0.5827ms
2026-05-19 10:35:20.851 +07:00 [INF] Request starting HTTP/1.1 POST http://localhost:5215/hubs/queue/negotiate?negotiateVersion=1 - null 0
2026-05-19 10:35:20.851 +07:00 [INF] CORS policy execution successful.
2026-05-19 10:35:20.851 +07:00 [INF] Executing endpoint '/hubs/queue/negotiate'
2026-05-19 10:35:20.851 +07:00 [INF] Request starting HTTP/1.1 POST http://localhost:5215/hubs/queue/negotiate?negotiateVersion=1 - null 0
2026-05-19 10:35:20.851 +07:00 [INF] Executed endpoint '/hubs/queue/negotiate'
2026-05-19 10:35:20.851 +07:00 [INF] CORS policy execution successful.
2026-05-19 10:35:20.851 +07:00 [INF] HTTP POST /hubs/queue/negotiate responded 200 in 0.3516 ms
2026-05-19 10:35:20.851 +07:00 [INF] Request finished HTTP/1.1 POST http://localhost:5215/hubs/queue/negotiate?negotiateVersion=1 - 200 316 application/json 0.4881ms
2026-05-19 10:35:20.851 +07:00 [INF] Executing endpoint '/hubs/queue/negotiate'
2026-05-19 10:35:20.851 +07:00 [INF] Executed endpoint '/hubs/queue/negotiate'
2026-05-19 10:35:20.851 +07:00 [INF] Request starting HTTP/1.1 GET http://localhost:5215/api/bays - null null
2026-05-19 10:35:20.852 +07:00 [INF] HTTP POST /hubs/queue/negotiate responded 200 in 0.3767 ms
2026-05-19 10:35:20.852 +07:00 [INF] Request finished HTTP/1.1 POST http://localhost:5215/hubs/queue/negotiate?negotiateVersion=1 - 200 316 application/json 0.4938ms
2026-05-19 10:35:20.852 +07:00 [INF] Executing endpoint 'SmartLoadBulk.API.Controllers.LoadingJobController.GetAllBays (SmartLoadBulk.API)'
2026-05-19 10:35:20.852 +07:00 [INF] Route matched with {action = "GetAllBays", controller = "LoadingJob"}. Executing controller action with signature System.Threading.Tasks.Task`1[Microsoft.AspNetCore.Mvc.ActionResult`1[SmartLoadBulk.Core.DTOs.Common.ApiResponse`1[System.Collections.Generic.List`1[SmartLoadBulk.Core.DTOs.Loading.BayStatusDto]]]] GetAllBays() on controller SmartLoadBulk.API.Controllers.LoadingJobController (SmartLoadBulk.API).
2026-05-19 10:35:20.852 +07:00 [INF] Request starting HTTP/1.1 GET http://localhost:5215/api/queue - null null
2026-05-19 10:35:20.852 +07:00 [INF] Executing endpoint 'SmartLoadBulk.API.Controllers.QueueController.GetBoard (SmartLoadBulk.API)'
2026-05-19 10:35:20.853 +07:00 [INF] Route matched with {action = "GetBoard", controller = "Queue"}. Executing controller action with signature System.Threading.Tasks.Task`1[Microsoft.AspNetCore.Mvc.ActionResult`1[SmartLoadBulk.Core.DTOs.Common.ApiResponse`1[System.Collections.Generic.List`1[SmartLoadBulk.Core.DTOs.Queue.QueueItemDto]]]] GetBoard() on controller SmartLoadBulk.API.Controllers.QueueController (SmartLoadBulk.API).
2026-05-19 10:35:20.857 +07:00 [INF] Executed DbCommand (3ms) [Parameters=[], CommandType='"Text"', CommandTimeout='30']
SELECT [b].[BayId], [b].[BayCode], [b].[BayName], [b].[BayType], [b].[CurrentQueueId], [b].[IsActive], [b].[LastUpdatedAt], [b].[MaxCapacity], [b].[Status]
FROM [slb].[Bays] AS [b]
WHERE [b].[IsActive] = CAST(1 AS bit)
2026-05-19 10:35:20.864 +07:00 [INF] Request starting HTTP/1.1 GET http://localhost:5215/hubs/loading?id=9piqMaDSwOH-CwCMe2Xb5w&access_token=eyJhbGciOiJIUzI1NiIsInR5cCI6IkpXVCJ9.eyJzdWIiOiJhMDAwMDAwMS0wMDAwLTAwMDAtMDAwMC0wMDAwMDAwMDAwMDEiLCJ1bmlxdWVfbmFtZSI6ImFkbWluIiwiaHR0cDovL3NjaGVtYXMubWljcm9zb2Z0LmNvbS93cy8yMDA4LzA2L2lkZW50aXR5L2NsYWltcy9yb2xlIjoiQURNSU4iLCJqdGkiOiI0NGQ3MzNkMy1kM2VhLTQ3MjktOTg4OS1kZGE5ZTFhNGM0ZmMiLCJleHAiOjE3NzkxOTA0MTgsImlzcyI6IlNtYXJ0TG9hZEJ1bGsuQVBJIiwiYXVkIjoiU21hcnRMb2FkQnVsay5DbGllbnQifQ.JC3TinZzok8yKvX-EUy10PuPHK5yvsyu95N_LfGwIjk - null null
2026-05-19 10:35:20.864 +07:00 [INF] CORS policy execution successful.
2026-05-19 10:35:20.864 +07:00 [INF] Executing endpoint '/hubs/loading'
2026-05-19 10:35:20.865 +07:00 [INF] Executed DbCommand (12ms) [Parameters=[], CommandType='"Text"', CommandTimeout='30']
SELECT [l].[QueueId], [l].[OrderId], [o].[OrderCode], [c].[CustomerName], [l].[TruckId], [t].[LicensePlate], [t].[TruckType], [l].[DriverId], [d].[FullName], CAST([l].[Priority] AS int), [l].[Status], [l].[EnqueuedAt], [l].[CalledAt], [l].[DockedAt], [l].[CompletedAt], [l].[Remark]
FROM [slb].[LoadQueues] AS [l]
INNER JOIN [slb].[Orders] AS [o] ON [l].[OrderId] = [o].[OrderId]
INNER JOIN [slb].[Customers] AS [c] ON [o].[CustomerId] = [c].[CustomerId]
INNER JOIN [slb].[Trucks] AS [t] ON [l].[TruckId] = [t].[TruckId]
INNER JOIN [slb].[Drivers] AS [d] ON [l].[DriverId] = [d].[DriverId]
WHERE [l].[Status] NOT IN (N'DONE', N'CANCELLED')
ORDER BY [l].[Priority], [l].[EnqueuedAt]
2026-05-19 10:35:20.866 +07:00 [INF] Executing OkObjectResult, writing value of type 'SmartLoadBulk.Core.DTOs.Common.ApiResponse`1[[System.Collections.Generic.List`1[[SmartLoadBulk.Core.DTOs.Queue.QueueItemDto, SmartLoadBulk.Core, Version=1.0.0.0, Culture=neutral, PublicKeyToken=null]], System.Private.CoreLib, Version=9.0.0.0, Culture=neutral, PublicKeyToken=7cec85d7bea7798e]]'.
2026-05-19 10:35:20.866 +07:00 [INF] Executed action SmartLoadBulk.API.Controllers.QueueController.GetBoard (SmartLoadBulk.API) in 13.2146ms
2026-05-19 10:35:20.866 +07:00 [INF] Executed endpoint 'SmartLoadBulk.API.Controllers.QueueController.GetBoard (SmartLoadBulk.API)'
2026-05-19 10:35:20.866 +07:00 [INF] HTTP GET /api/queue responded 200 in 13.4624 ms
2026-05-19 10:35:20.866 +07:00 [INF] Request finished HTTP/1.1 GET http://localhost:5215/api/queue - 200 null application/json; charset=utf-8 13.6141ms
2026-05-19 10:35:20.875 +07:00 [INF] Request starting HTTP/1.1 GET http://localhost:5215/api/queue - null null
2026-05-19 10:35:20.875 +07:00 [INF] Executing endpoint 'SmartLoadBulk.API.Controllers.QueueController.GetBoard (SmartLoadBulk.API)'
2026-05-19 10:35:20.875 +07:00 [INF] Route matched with {action = "GetBoard", controller = "Queue"}. Executing controller action with signature System.Threading.Tasks.Task`1[Microsoft.AspNetCore.Mvc.ActionResult`1[SmartLoadBulk.Core.DTOs.Common.ApiResponse`1[System.Collections.Generic.List`1[SmartLoadBulk.Core.DTOs.Queue.QueueItemDto]]]] GetBoard() on controller SmartLoadBulk.API.Controllers.QueueController (SmartLoadBulk.API).
2026-05-19 10:35:20.877 +07:00 [INF] Executed DbCommand (1ms) [Parameters=[], CommandType='"Text"', CommandTimeout='30']
SELECT [l].[QueueId], [l].[OrderId], [o].[OrderCode], [c].[CustomerName], [l].[TruckId], [t].[LicensePlate], [t].[TruckType], [l].[DriverId], [d].[FullName], CAST([l].[Priority] AS int), [l].[Status], [l].[EnqueuedAt], [l].[CalledAt], [l].[DockedAt], [l].[CompletedAt], [l].[Remark]
FROM [slb].[LoadQueues] AS [l]
INNER JOIN [slb].[Orders] AS [o] ON [l].[OrderId] = [o].[OrderId]
INNER JOIN [slb].[Customers] AS [c] ON [o].[CustomerId] = [c].[CustomerId]
INNER JOIN [slb].[Trucks] AS [t] ON [l].[TruckId] = [t].[TruckId]
INNER JOIN [slb].[Drivers] AS [d] ON [l].[DriverId] = [d].[DriverId]
WHERE [l].[Status] NOT IN (N'DONE', N'CANCELLED')
ORDER BY [l].[Priority], [l].[EnqueuedAt]
2026-05-19 10:35:20.877 +07:00 [INF] Executing OkObjectResult, writing value of type 'SmartLoadBulk.Core.DTOs.Common.ApiResponse`1[[System.Collections.Generic.List`1[[SmartLoadBulk.Core.DTOs.Queue.QueueItemDto, SmartLoadBulk.Core, Version=1.0.0.0, Culture=neutral, PublicKeyToken=null]], System.Private.CoreLib, Version=9.0.0.0, Culture=neutral, PublicKeyToken=7cec85d7bea7798e]]'.
2026-05-19 10:35:20.877 +07:00 [INF] Executed action SmartLoadBulk.API.Controllers.QueueController.GetBoard (SmartLoadBulk.API) in 1.8535ms
2026-05-19 10:35:20.877 +07:00 [INF] Executed endpoint 'SmartLoadBulk.API.Controllers.QueueController.GetBoard (SmartLoadBulk.API)'
2026-05-19 10:35:20.877 +07:00 [INF] HTTP GET /api/queue responded 200 in 2.1914 ms
2026-05-19 10:35:20.877 +07:00 [INF] Request finished HTTP/1.1 GET http://localhost:5215/api/queue - 200 null application/json; charset=utf-8 2.3529ms
2026-05-19 10:35:20.878 +07:00 [INF] Executed DbCommand (21ms) [Parameters=[@__currentQueueId_0='?' (DbType = Guid)], CommandType='"Text"', CommandTimeout='30']
SELECT TOP(1) [l].[JobId], [l].[ActualWeight], [l].[BayId], [l].[CompletedAt], [l].[CreatedAt], [l].[CreatedBy], [l].[DriverId], [l].[FailReason], [l].[JobCode], [l].[OrderId], [l].[OrderItemId], [l].[ProductId], [l].[SiloId], [l].[StartedAt], [l].[Status], [l].[TargetWeight], [l].[TolerancePct], [l].[TruckId], [l].[UpdatedAt], [t].[TruckId], [t].[CompanyName], [t].[CreatedAt], [t].[IsActive], [t].[LicensePlate], [t].[MaxCapacity], [t].[TruckType], [t].[UpdatedAt], [d].[DriverId], [d].[CreatedAt], [d].[FullName], [d].[IsActive], [d].[LicenseExpiry], [d].[LicenseNo], [d].[Phone], [p].[ProductId], [p].[CreatedAt], [p].[CriticalStock], [p].[IsActive], [p].[MaxStock], [p].[MinStock], [p].[ProductCode], [p].[ProductName], [p].[Unit]
FROM [slb].[LoadJobs] AS [l]
INNER JOIN [slb].[Trucks] AS [t] ON [l].[TruckId] = [t].[TruckId]
INNER JOIN [slb].[Drivers] AS [d] ON [l].[DriverId] = [d].[DriverId]
INNER JOIN [slb].[Products] AS [p] ON [l].[ProductId] = [p].[ProductId]
WHERE [l].[Status] NOT IN (N'COMPLETED', N'FAILED', N'CANCELLED') AND EXISTS (
    SELECT 1
    FROM [slb].[LoadQueues] AS [l0]
    WHERE [l0].[QueueId] = @__currentQueueId_0 AND [l0].[OrderId] = [l].[OrderId])
2026-05-19 10:35:20.880 +07:00 [INF] Executed DbCommand (1ms) [Parameters=[@__currentQueueId_0='?' (DbType = Guid)], CommandType='"Text"', CommandTimeout='30']
SELECT TOP(1) [l].[JobId], [l].[ActualWeight], [l].[BayId], [l].[CompletedAt], [l].[CreatedAt], [l].[CreatedBy], [l].[DriverId], [l].[FailReason], [l].[JobCode], [l].[OrderId], [l].[OrderItemId], [l].[ProductId], [l].[SiloId], [l].[StartedAt], [l].[Status], [l].[TargetWeight], [l].[TolerancePct], [l].[TruckId], [l].[UpdatedAt], [t].[TruckId], [t].[CompanyName], [t].[CreatedAt], [t].[IsActive], [t].[LicensePlate], [t].[MaxCapacity], [t].[TruckType], [t].[UpdatedAt], [d].[DriverId], [d].[CreatedAt], [d].[FullName], [d].[IsActive], [d].[LicenseExpiry], [d].[LicenseNo], [d].[Phone], [p].[ProductId], [p].[CreatedAt], [p].[CriticalStock], [p].[IsActive], [p].[MaxStock], [p].[MinStock], [p].[ProductCode], [p].[ProductName], [p].[Unit]
FROM [slb].[LoadJobs] AS [l]
INNER JOIN [slb].[Trucks] AS [t] ON [l].[TruckId] = [t].[TruckId]
INNER JOIN [slb].[Drivers] AS [d] ON [l].[DriverId] = [d].[DriverId]
INNER JOIN [slb].[Products] AS [p] ON [l].[ProductId] = [p].[ProductId]
WHERE [l].[Status] NOT IN (N'COMPLETED', N'FAILED', N'CANCELLED') AND EXISTS (
    SELECT 1
    FROM [slb].[LoadQueues] AS [l0]
    WHERE [l0].[QueueId] = @__currentQueueId_0 AND [l0].[OrderId] = [l].[OrderId])
2026-05-19 10:35:20.880 +07:00 [INF] Executing OkObjectResult, writing value of type 'SmartLoadBulk.Core.DTOs.Common.ApiResponse`1[[System.Collections.Generic.List`1[[SmartLoadBulk.Core.DTOs.Loading.BayStatusDto, SmartLoadBulk.Core, Version=1.0.0.0, Culture=neutral, PublicKeyToken=null]], System.Private.CoreLib, Version=9.0.0.0, Culture=neutral, PublicKeyToken=7cec85d7bea7798e]]'.
2026-05-19 10:35:20.880 +07:00 [INF] Executed action SmartLoadBulk.API.Controllers.LoadingJobController.GetAllBays (SmartLoadBulk.API) in 28.4384ms
2026-05-19 10:35:20.880 +07:00 [INF] Executed endpoint 'SmartLoadBulk.API.Controllers.LoadingJobController.GetAllBays (SmartLoadBulk.API)'
2026-05-19 10:35:20.880 +07:00 [INF] HTTP GET /api/bays responded 200 in 28.8482 ms
2026-05-19 10:35:20.881 +07:00 [INF] Request finished HTTP/1.1 GET http://localhost:5215/api/bays - 200 null application/json; charset=utf-8 29.0342ms
2026-05-19 10:35:20.885 +07:00 [INF] Request starting HTTP/1.1 GET http://localhost:5215/hubs/queue?id=Qf4WHGf5bPxLXEf-fmu2Uw&access_token=eyJhbGciOiJIUzI1NiIsInR5cCI6IkpXVCJ9.eyJzdWIiOiJhMDAwMDAwMS0wMDAwLTAwMDAtMDAwMC0wMDAwMDAwMDAwMDEiLCJ1bmlxdWVfbmFtZSI6ImFkbWluIiwiaHR0cDovL3NjaGVtYXMubWljcm9zb2Z0LmNvbS93cy8yMDA4LzA2L2lkZW50aXR5L2NsYWltcy9yb2xlIjoiQURNSU4iLCJqdGkiOiI0NGQ3MzNkMy1kM2VhLTQ3MjktOTg4OS1kZGE5ZTFhNGM0ZmMiLCJleHAiOjE3NzkxOTA0MTgsImlzcyI6IlNtYXJ0TG9hZEJ1bGsuQVBJIiwiYXVkIjoiU21hcnRMb2FkQnVsay5DbGllbnQifQ.JC3TinZzok8yKvX-EUy10PuPHK5yvsyu95N_LfGwIjk - null null
2026-05-19 10:35:20.886 +07:00 [INF] CORS policy execution successful.
2026-05-19 10:35:20.886 +07:00 [INF] Executing endpoint '/hubs/queue'
2026-05-19 10:35:20.887 +07:00 [INF] Request starting HTTP/1.1 GET http://localhost:5215/api/bays - null null
2026-05-19 10:35:20.888 +07:00 [INF] Executing endpoint 'SmartLoadBulk.API.Controllers.LoadingJobController.GetAllBays (SmartLoadBulk.API)'
2026-05-19 10:35:20.888 +07:00 [INF] Route matched with {action = "GetAllBays", controller = "LoadingJob"}. Executing controller action with signature System.Threading.Tasks.Task`1[Microsoft.AspNetCore.Mvc.ActionResult`1[SmartLoadBulk.Core.DTOs.Common.ApiResponse`1[System.Collections.Generic.List`1[SmartLoadBulk.Core.DTOs.Loading.BayStatusDto]]]] GetAllBays() on controller SmartLoadBulk.API.Controllers.LoadingJobController (SmartLoadBulk.API).
2026-05-19 10:35:20.890 +07:00 [INF] Executed DbCommand (1ms) [Parameters=[], CommandType='"Text"', CommandTimeout='30']
SELECT [b].[BayId], [b].[BayCode], [b].[BayName], [b].[BayType], [b].[CurrentQueueId], [b].[IsActive], [b].[LastUpdatedAt], [b].[MaxCapacity], [b].[Status]
FROM [slb].[Bays] AS [b]
WHERE [b].[IsActive] = CAST(1 AS bit)
2026-05-19 10:35:20.891 +07:00 [INF] Executed DbCommand (1ms) [Parameters=[@__currentQueueId_0='?' (DbType = Guid)], CommandType='"Text"', CommandTimeout='30']
SELECT TOP(1) [l].[JobId], [l].[ActualWeight], [l].[BayId], [l].[CompletedAt], [l].[CreatedAt], [l].[CreatedBy], [l].[DriverId], [l].[FailReason], [l].[JobCode], [l].[OrderId], [l].[OrderItemId], [l].[ProductId], [l].[SiloId], [l].[StartedAt], [l].[Status], [l].[TargetWeight], [l].[TolerancePct], [l].[TruckId], [l].[UpdatedAt], [t].[TruckId], [t].[CompanyName], [t].[CreatedAt], [t].[IsActive], [t].[LicensePlate], [t].[MaxCapacity], [t].[TruckType], [t].[UpdatedAt], [d].[DriverId], [d].[CreatedAt], [d].[FullName], [d].[IsActive], [d].[LicenseExpiry], [d].[LicenseNo], [d].[Phone], [p].[ProductId], [p].[CreatedAt], [p].[CriticalStock], [p].[IsActive], [p].[MaxStock], [p].[MinStock], [p].[ProductCode], [p].[ProductName], [p].[Unit]
FROM [slb].[LoadJobs] AS [l]
INNER JOIN [slb].[Trucks] AS [t] ON [l].[TruckId] = [t].[TruckId]
INNER JOIN [slb].[Drivers] AS [d] ON [l].[DriverId] = [d].[DriverId]
INNER JOIN [slb].[Products] AS [p] ON [l].[ProductId] = [p].[ProductId]
WHERE [l].[Status] NOT IN (N'COMPLETED', N'FAILED', N'CANCELLED') AND EXISTS (
    SELECT 1
    FROM [slb].[LoadQueues] AS [l0]
    WHERE [l0].[QueueId] = @__currentQueueId_0 AND [l0].[OrderId] = [l].[OrderId])
2026-05-19 10:35:20.892 +07:00 [INF] Executed DbCommand (0ms) [Parameters=[@__currentQueueId_0='?' (DbType = Guid)], CommandType='"Text"', CommandTimeout='30']
SELECT TOP(1) [l].[JobId], [l].[ActualWeight], [l].[BayId], [l].[CompletedAt], [l].[CreatedAt], [l].[CreatedBy], [l].[DriverId], [l].[FailReason], [l].[JobCode], [l].[OrderId], [l].[OrderItemId], [l].[ProductId], [l].[SiloId], [l].[StartedAt], [l].[Status], [l].[TargetWeight], [l].[TolerancePct], [l].[TruckId], [l].[UpdatedAt], [t].[TruckId], [t].[CompanyName], [t].[CreatedAt], [t].[IsActive], [t].[LicensePlate], [t].[MaxCapacity], [t].[TruckType], [t].[UpdatedAt], [d].[DriverId], [d].[CreatedAt], [d].[FullName], [d].[IsActive], [d].[LicenseExpiry], [d].[LicenseNo], [d].[Phone], [p].[ProductId], [p].[CreatedAt], [p].[CriticalStock], [p].[IsActive], [p].[MaxStock], [p].[MinStock], [p].[ProductCode], [p].[ProductName], [p].[Unit]
FROM [slb].[LoadJobs] AS [l]
INNER JOIN [slb].[Trucks] AS [t] ON [l].[TruckId] = [t].[TruckId]
INNER JOIN [slb].[Drivers] AS [d] ON [l].[DriverId] = [d].[DriverId]
INNER JOIN [slb].[Products] AS [p] ON [l].[ProductId] = [p].[ProductId]
WHERE [l].[Status] NOT IN (N'COMPLETED', N'FAILED', N'CANCELLED') AND EXISTS (
    SELECT 1
    FROM [slb].[LoadQueues] AS [l0]
    WHERE [l0].[QueueId] = @__currentQueueId_0 AND [l0].[OrderId] = [l].[OrderId])
2026-05-19 10:35:20.892 +07:00 [INF] Executing OkObjectResult, writing value of type 'SmartLoadBulk.Core.DTOs.Common.ApiResponse`1[[System.Collections.Generic.List`1[[SmartLoadBulk.Core.DTOs.Loading.BayStatusDto, SmartLoadBulk.Core, Version=1.0.0.0, Culture=neutral, PublicKeyToken=null]], System.Private.CoreLib, Version=9.0.0.0, Culture=neutral, PublicKeyToken=7cec85d7bea7798e]]'.
2026-05-19 10:35:20.892 +07:00 [INF] Executed action SmartLoadBulk.API.Controllers.LoadingJobController.GetAllBays (SmartLoadBulk.API) in 4.6336ms
2026-05-19 10:35:20.892 +07:00 [INF] Executed endpoint 'SmartLoadBulk.API.Controllers.LoadingJobController.GetAllBays (SmartLoadBulk.API)'
2026-05-19 10:35:20.893 +07:00 [INF] HTTP GET /api/bays responded 200 in 4.9694 ms
2026-05-19 10:35:20.893 +07:00 [INF] Request finished HTTP/1.1 GET http://localhost:5215/api/bays - 200 null application/json; charset=utf-8 5.1041ms
2026-05-19 10:35:21.104 +07:00 [INF] Request starting HTTP/1.1 POST http://localhost:5215/hubs/loading/negotiate?negotiateVersion=1 - null 0
2026-05-19 10:35:21.104 +07:00 [INF] CORS policy execution successful.
2026-05-19 10:35:21.104 +07:00 [INF] Executing endpoint '/hubs/loading/negotiate'
2026-05-19 10:35:21.104 +07:00 [INF] Executed endpoint '/hubs/loading/negotiate'
2026-05-19 10:35:21.104 +07:00 [INF] HTTP POST /hubs/loading/negotiate responded 200 in 0.2779 ms
2026-05-19 10:35:21.104 +07:00 [INF] Request finished HTTP/1.1 POST http://localhost:5215/hubs/loading/negotiate?negotiateVersion=1 - 200 316 application/json 0.3917ms
2026-05-19 10:44:36.130 +07:00 [INF] Executed endpoint '/hubs/loading'
2026-05-19 10:44:36.130 +07:00 [INF] HTTP GET /hubs/loading responded 101 in 555266.6227 ms
2026-05-19 10:44:36.131 +07:00 [INF] Request finished HTTP/1.1 GET http://localhost:5215/hubs/loading?id=9piqMaDSwOH-CwCMe2Xb5w&access_token=eyJhbGciOiJIUzI1NiIsInR5cCI6IkpXVCJ9.eyJzdWIiOiJhMDAwMDAwMS0wMDAwLTAwMDAtMDAwMC0wMDAwMDAwMDAwMDEiLCJ1bmlxdWVfbmFtZSI6ImFkbWluIiwiaHR0cDovL3NjaGVtYXMubWljcm9zb2Z0LmNvbS93cy8yMDA4LzA2L2lkZW50aXR5L2NsYWltcy9yb2xlIjoiQURNSU4iLCJqdGkiOiI0NGQ3MzNkMy1kM2VhLTQ3MjktOTg4OS1kZGE5ZTFhNGM0ZmMiLCJleHAiOjE3NzkxOTA0MTgsImlzcyI6IlNtYXJ0TG9hZEJ1bGsuQVBJIiwiYXVkIjoiU21hcnRMb2FkQnVsay5DbGllbnQifQ.JC3TinZzok8yKvX-EUy10PuPHK5yvsyu95N_LfGwIjk - 101 null null 555266.8597ms
2026-05-19 10:44:36.132 +07:00 [INF] Executed endpoint '/hubs/queue'
2026-05-19 10:44:36.132 +07:00 [INF] HTTP GET /hubs/queue responded 101 in 555246.1435 ms
2026-05-19 10:44:36.132 +07:00 [INF] Request finished HTTP/1.1 GET http://localhost:5215/hubs/queue?id=Qf4WHGf5bPxLXEf-fmu2Uw&access_token=eyJhbGciOiJIUzI1NiIsInR5cCI6IkpXVCJ9.eyJzdWIiOiJhMDAwMDAwMS0wMDAwLTAwMDAtMDAwMC0wMDAwMDAwMDAwMDEiLCJ1bmlxdWVfbmFtZSI6ImFkbWluIiwiaHR0cDovL3NjaGVtYXMubWljcm9zb2Z0LmNvbS93cy8yMDA4LzA2L2lkZW50aXR5L2NsYWltcy9yb2xlIjoiQURNSU4iLCJqdGkiOiI0NGQ3MzNkMy1kM2VhLTQ3MjktOTg4OS1kZGE5ZTFhNGM0ZmMiLCJleHAiOjE3NzkxOTA0MTgsImlzcyI6IlNtYXJ0TG9hZEJ1bGsuQVBJIiwiYXVkIjoiU21hcnRMb2FkQnVsay5DbGllbnQifQ.JC3TinZzok8yKvX-EUy10PuPHK5yvsyu95N_LfGwIjk - 101 null null 555246.3968ms
